amount,hour,merchant_risk,txn_velocity,distance_from_home_km,account_age_days,is_foreign,is_fraud
58.81,11,0.1213,0,6.16,1087.4,0,0
17.53,13,0.1386,2,39.54,707.9,0,0
87.83,14,0.1463,4,0.63,1398.2,0,0
104.22,14,0.0603,0,17.39,1723.1,0,0
7.72,3,0.2538,3,27.97,518.5,0,0
13.85,13,0.1197,1,23.62,881.3,1,0
50.15,9,0.2616,3,32.81,723.3,1,0
33.63,21,0.0797,0,12.81,86.7,0,0
44.03,22,0.6525,1,9.67,891.0,0,0
20.74,11,0.4372,3,0.39,984.2,0,0
98.64,9,0.4461,3,11.29,428.1,0,0
90.02,9,0.2066,3,1.27,662.7,0,0
47.44,13,0.2745,2,14.32,631.1,0,0
123.29,20,0.5168,3,41.02,544.0,0,1
68.09,14,0.5938,2,23.48,550.9,0,0
20.63,5,0.4599,5,34.37,482.1,0,0
62.29,3,0.7695,2,7.4,1079.1,0,0
18.86,9,0.4533,3,1.72,1068.5,0,0
98.55,19,0.2121,1,3.02,535.4,0,0
42.74,15,0.209,3,7.51,380.1,0,0
37.85,15,0.1373,2,13.41,846.3,0,0
24.22,11,0.251,0,7.69,406.5,0,0
134.33,21,0.2456,0,16.23,925.1,0,0
38.9,11,0.1483,2,15.35,1168.3,0,0
30.4,19,0.3283,1,26.13,1201.1,1,0
32.56,20,0.3305,4,24.62,969.9,0,0
72.17,13,0.2379,1,8.89,683.7,0,0
62.11,20,0.1738,3,9.97,1581.5,0,0
64.81,10,0.405,1,20.41,809.2,0,0
65.87,16,0.056,3,8.3,1297.8,0,0
307.2,6,0.6986,1,45.0,873.6,0,0
31.01,13,0.3534,1,1.87,759.1,0,0
28.19,9,0.139,3,2.65,880.9,0,0
21.49,5,0.1204,3,12.56,1090.1,0,0
77.82,0,0.1729,1,48.39,587.0,0,0
123.48,11,0.286,4,11.41,1113.3,0,1
40.34,15,0.262,0,39.47,1606.6,0,0
20.99,13,0.2418,2,17.4,927.6,0,0
21.28,11,0.081,0,4.12,1501.4,0,0
80.28,23,0.3793,0,39.14,997.4,0,0
87.26,21,0.5159,2,4.28,526.2,0,0
72.88,7,0.376,2,27.58,520.3,0,0
24.56,12,0.5182,3,0.93,367.4,0,0
55.09,16,0.1315,1,6.26,855.6,0,0
49.65,17,0.0548,2,45.76,266.7,0,0
54.42,12,0.4894,1,3.81,561.7,0,0
97.93,17,0.5828,1,23.94,979.8,0,0
54.67,7,0.2035,3,16.45,464.1,0,0
82.35,11,0.4765,1,2.51,504.8,0,0
47.5,17,0.2202,0,15.9,1450.0,0,0
57.99,15,0.0567,1,10.41,994.6,0,0
78.9,19,0.1436,1,3.08,793.6,0,0
12.04,4,0.1849,3,31.31,570.9,0,0
33.53,9,0.2599,1,3.59,586.5,0,0
29.27,4,0.2634,2,14.89,1207.0,0,0
25.15,9,0.0863,0,32.59,159.2,0,0
34.9,0,0.4878,1,67.34,1007.3,0,0
171.65,14,0.2142,2,41.09,669.8,0,0
20.51,14,0.1652,2,49.75,334.2,0,0
106.85,16,0.1575,2,64.86,270.0,0,0
9.83,12,0.0688,1,26.75,579.7,0,0
33.07,0,0.4809,1,26.81,957.0,0,0
51.75,16,0.0931,1,9.05,903.4,0,0
75.76,4,0.2327,2,28.39,849.6,0,0
84.78,19,0.4418,2,9.42,309.8,0,0
91.29,2,0.0725,0,47.82,1088.3,0,0
32.66,14,0.2426,1,16.3,798.9,1,0
29.49,20,0.2826,4,4.43,419.3,0,0
96.75,15,0.2304,5,7.74,1138.2,0,1
37.63,15,0.3305,0,48.94,389.3,0,0
14.18,16,0.1435,3,6.5,847.8,0,0
16.12,7,0.2174,4,49.32,489.5,0,0
19.54,16,0.3729,3,7.03,613.0,0,0
69.93,20,0.342,5,4.32,895.1,0,0
50.81,22,0.221,4,5.41,744.4,0,0
83.22,13,0.3061,6,65.04,681.9,0,1
30.43,11,0.111,3,36.94,436.3,0,0
51.56,17,0.2819,2,2.08,471.0,0,0
78.49,14,0.254,4,25.71,486.3,0,1
33.84,10,0.7464,0,0.27,1192.4,0,0
67.43,9,0.083,3,5.21,164.0,0,0
24.64,9,0.4288,3,57.61,1828.7,0,0
32.24,13,0.3706,0,9.8,439.9,0,0
31.7,9,0.046,2,69.97,1497.9,0,0
15.24,1,0.2689,3,25.53,407.1,0,0
69.29,4,0.4845,0,0.87,849.5,0,0
29.3,21,0.2954,3,19.16,397.1,0,0
45.21,6,0.5175,1,10.41,1254.4,0,0
68.9,6,0.3674,3,6.57,1088.7,0,0
66.81,13,0.2374,1,25.29,1216.9,0,0
81.36,10,0.0222,1,33.63,550.6,1,0
40.91,22,0.4062,2,5.27,446.7,0,1
30.54,20,0.3762,3,22.59,1191.1,0,1
41.61,12,0.6429,3,19.2,664.8,0,0
9.79,13,0.5318,2,9.82,669.1,0,0
12.15,12,0.191,2,13.66,545.7,1,0
13.59,3,0.409,1,16.34,638.7,0,0
18.22,10,0.3021,4,9.26,1194.6,0,0
64.06,7,0.1748,0,0.12,516.4,0,0
19.79,7,0.2648,1,8.67,510.0,0,0
31.81,15,0.3307,1,7.84,453.0,0,0
143.93,6,0.1782,2,2.92,634.5,0,0
32.44,7,0.3959,4,6.88,1244.1,0,0
86.81,13,0.28,1,67.22,449.1,0,0
19.29,13,0.537,2,1.25,493.1,0,0
37.16,8,0.2563,2,20.39,1501.0,1,0
19.01,0,0.0899,3,74.34,487.1,0,0
32.95,9,0.3247,3,8.65,714.8,0,0
95.23,10,0.3813,3,10.37,1650.7,0,0
9.44,18,0.1948,4,8.08,643.3,0,0
66.09,21,0.3016,4,0.11,1912.3,0,0
55.37,12,0.1148,1,12.36,434.6,0,0
26.19,12,0.2144,1,8.19,1858.9,0,0
12.16,17,0.1684,2,10.47,629.3,0,0
47.7,16,0.2506,1,3.39,191.1,0,0
27.76,9,0.3355,0,8.53,232.9,0,0
55.11,7,0.6203,3,12.07,553.9,0,0
45.59,13,0.077,4,65.42,804.1,0,0
188.97,15,0.6712,2,35.64,661.7,0,1
36.04,8,0.2402,2,14.78,1332.4,0,0
17.79,10,0.1604,1,2.47,897.5,1,0
52.53,11,0.4946,3,0.86,610.3,0,0
54.49,10,0.5471,0,24.25,768.3,0,0
151.91,13,0.607,2,11.02,572.3,0,1
94.78,16,0.6017,3,6.62,919.5,0,0
61.63,14,0.0597,1,2.16,461.2,0,0
166.83,9,0.3446,0,19.42,927.3,0,0
15.33,7,0.3004,2,1.94,649.2,0,0
25.13,18,0.464,2,1.78,562.3,0,0
19.42,13,0.2589,1,15.23,1313.6,0,0
31.47,5,0.3548,3,55.6,1641.8,0,0
12.95,10,0.1423,1,25.81,785.9,0,0
79.17,18,0.4477,2,2.06,592.1,0,0
36.6,17,0.0168,1,25.68,600.0,0,0
11.9,20,0.1859,4,22.33,597.0,0,0
17.92,15,0.1229,7,5.26,123.3,0,0
59.27,12,0.3204,2,5.71,975.9,0,0
95.04,12,0.0733,1,46.17,849.1,0,0
269.63,9,0.1036,0,13.59,746.2,0,0
615.53,16,0.1653,1,11.65,1109.8,0,0
64.91,15,0.3748,1,6.15,384.9,0,0
18.35,8,0.3288,4,42.24,196.5,0,0
6.56,20,0.3032,3,13.94,584.1,0,0
56.88,12,0.2423,6,26.42,1014.1,0,0
21.51,4,0.5513,0,1.35,777.1,0,0
30.76,11,0.2243,1,22.93,666.4,0,0
25.77,20,0.4938,0,20.51,1676.8,0,1
39.38,21,0.1671,2,27.9,1386.2,0,0
116.67,13,0.3461,2,13.57,1069.4,0,0
51.49,22,0.1789,0,18.55,645.3,1,0
38.75,20,0.468,3,68.52,2467.6,0,1
17.6,19,0.389,3,14.55,403.8,0,0
9.9,19,0.513,1,78.2,1233.5,0,0
28.86,12,0.134,3,23.67,1279.7,0,0
42.59,17,0.1938,2,27.11,562.7,0,0
219.45,15,0.1534,1,10.21,1421.2,1,1
50.26,17,0.0678,3,7.66,385.5,0,0
108.25,9,0.1005,2,26.56,901.0,0,0
28.52,17,0.2768,2,33.65,1198.2,0,0
15.39,22,0.1776,3,30.76,878.8,0,0
18.75,11,0.2739,3,26.96,306.7,0,0
23.27,23,0.195,2,13.52,1185.9,1,0
303.57,12,0.1651,3,3.33,1387.1,0,0
21.34,9,0.3113,5,2.06,813.1,0,0
95.07,7,0.162,4,16.35,254.6,0,0
19.83,18,0.1836,1,31.42,787.7,0,0
103.38,14,0.0823,3,23.34,535.5,0,0
63.21,11,0.1556,1,5.81,764.5,0,0
38.82,15,0.3515,1,20.1,1058.0,0,0
43.09,11,0.4242,4,18.75,367.4,0,0
24.8,13,0.3616,0,102.13,1533.1,0,0
66.78,19,0.4681,2,3.01,629.5,0,0
29.68,16,0.0467,1,9.21,821.6,0,0
14.83,18,0.1961,2,14.6,568.4,0,0
14.15,15,0.1141,2,2.5,1057.9,0,0
52.21,23,0.1665,1,60.94,1532.8,0,1
185.15,10,0.0322,0,6.84,476.6,0,0
51.62,10,0.1492,3,39.53,985.4,0,1
40.17,6,0.2365,0,2.96,514.5,0,0
57.81,14,0.3065,2,37.88,1044.8,0,0
144.81,15,0.3663,0,39.52,754.7,1,1
54.46,17,0.1423,0,5.79,1162.9,0,0
30.88,11,0.4947,1,25.29,857.9,0,0
120.98,1,0.5647,3,4.32,1972.2,0,0
65.75,16,0.6181,2,23.71,571.1,0,0
178.07,23,0.5617,0,34.88,347.4,0,1
52.72,10,0.2506,0,0.9,545.4,0,0
14.85,9,0.2275,0,25.61,550.5,0,0
13.05,10,0.0908,1,17.66,703.8,0,0
197.52,12,0.3959,2,66.6,605.0,0,1
210.88,10,0.277,1,21.59,821.9,0,1
38.03,11,0.5866,2,3.2,265.9,0,1
31.66,16,0.1549,0,7.69,603.2,0,0
166.55,11,0.2961,2,4.4,599.7,0,0
16.5,12,0.2207,3,16.97,1088.6,0,0
19.98,3,0.2438,1,38.6,440.6,0,0
79.76,21,0.6158,5,8.34,428.5,0,0
31.34,12,0.1079,6,36.52,746.2,0,0
44.5,11,0.2029,3,15.21,1123.5,1,0
38.59,6,0.2402,3,21.67,114.5,0,0
60.57,16,0.3178,3,10.38,1062.4,0,0
158.66,19,0.1389,2,1.29,979.3,0,0
48.5,3,0.3762,3,5.29,708.6,0,0
79.8,8,0.2163,0,3.41,806.1,0,0
7.06,8,0.4532,1,17.62,1236.3,0,0
42.78,15,0.0812,0,15.69,548.2,0,0
20.93,21,0.0246,6,30.53,329.4,0,0
14.93,13,0.2093,5,8.09,982.3,0,0
20.28,11,0.3015,1,25.63,939.8,1,0
33.09,18,0.1,1,8.82,204.7,0,0
101.93,17,0.4201,0,7.35,1566.6,0,0
13.55,10,0.4219,0,29.51,908.2,0,0
45.95,8,0.1109,6,9.12,456.4,0,0
28.91,11,0.2433,1,14.84,947.5,0,0
33.28,18,0.1137,3,4.0,881.7,0,0
110.22,17,0.3607,0,26.81,590.3,0,0
72.55,16,0.0694,1,18.66,801.4,0,0
148.96,19,0.0857,3,60.46,804.9,0,1
38.9,10,0.1212,1,24.34,756.9,0,0
23.89,11,0.2642,1,2.43,722.7,0,0
36.54,3,0.1133,3,32.07,886.8,0,0
55.6,20,0.3665,2,28.28,818.1,0,1
52.4,15,0.3721,1,20.38,550.1,0,0
16.84,11,0.5768,1,13.92,405.5,0,0
48.49,6,0.1952,4,8.18,799.2,0,0
54.89,17,0.2355,4,8.88,1058.3,0,0
430.84,17,0.5238,2,0.73,783.0,0,1
242.05,16,0.0565,2,28.67,544.7,0,0
20.74,9,0.152,3,16.52,256.8,0,0
34.51,21,0.5014,3,14.14,1592.2,0,0
11.98,17,0.2994,4,11.4,920.1,0,0
26.27,16,0.199,2,16.22,885.8,0,0
59.39,16,0.0865,1,8.68,592.8,0,0
132.33,20,0.1904,1,41.88,263.5,0,0
23.19,21,0.1033,0,52.89,525.1,1,0
24.81,15,0.4399,1,1.95,1466.4,0,0
6.47,12,0.2746,4,57.29,356.5,0,0
38.61,12,0.2193,2,23.82,230.7,0,0
17.18,18,0.3208,3,36.37,1581.2,0,0
27.76,16,0.1164,2,58.07,460.8,0,0
20.3,6,0.2958,1,3.06,668.6,0,0
41.07,8,0.2102,4,42.7,892.7,0,0
9.19,20,0.3976,5,11.74,107.5,0,0
11.94,20,0.2592,4,13.03,1836.9,0,0
303.79,21,0.3031,1,2.36,1448.8,1,1
14.03,12,0.5836,4,20.9,712.5,0,0
16.66,18,0.0165,1,28.6,543.1,0,0
233.51,19,0.0668,1,53.57,383.9,0,1
610.67,11,0.1217,2,3.3,927.2,0,0
15.57,8,0.0594,3,3.03,785.6,0,0
32.09,23,0.1505,3,6.76,251.5,1,0
60.79,2,0.0336,1,1.52,666.5,0,0
211.84,15,0.1199,0,74.3,796.1,0,0
18.39,16,0.4599,1,5.12,969.6,1,0
35.85,16,0.1107,4,16.02,424.5,0,0
89.98,10,0.3495,1,7.32,808.2,0,0
66.11,17,0.5347,3,25.59,377.2,0,1
31.86,9,0.2676,3,4.11,893.9,0,0
39.63,19,0.0648,2,23.89,655.1,0,0
12.97,9,0.3807,2,97.11,1908.5,0,0
36.08,17,0.1006,2,76.29,469.3,0,0
35.17,18,0.1911,3,14.01,571.8,0,0
55.09,9,0.5649,3,8.07,261.0,0,0
27.12,10,0.0702,1,2.67,729.1,0,0
68.33,18,0.3336,1,22.49,612.1,0,0
111.21,6,0.2313,2,16.67,767.6,0,1
51.41,9,0.2476,1,36.55,708.5,0,0
61.35,13,0.1542,1,3.94,1926.5,0,0
46.89,21,0.4955,1,25.22,936.8,0,0
44.7,15,0.2913,2,1.82,1095.1,0,0
23.35,12,0.4138,1,3.8,779.9,0,0
59.43,23,0.0618,0,2.9,843.6,1,0
40.95,13,0.0114,1,8.94,764.7,0,0
294.08,13,0.4155,3,28.6,772.0,0,1
184.2,12,0.2799,3,17.85,543.1,0,1
63.26,11,0.0668,1,15.75,1081.0,0,0
22.49,11,0.3683,4,17.66,1988.3,0,0
16.43,16,0.4717,2,47.25,778.9,0,0
130.59,3,0.1875,2,31.94,437.7,0,0
56.63,16,0.44,3,13.35,1207.4,0,0
68.86,9,0.4722,1,55.44,1575.1,0,0
9.3,12,0.1755,1,5.97,560.5,0,0
103.0,8,0.4817,2,45.71,383.7,0,1
67.29,14,0.254,3,15.8,1023.5,0,0
16.45,17,0.4381,6,5.2,792.0,1,1
29.24,11,0.5987,2,4.64,976.4,0,0
56.68,8,0.1098,1,6.33,748.4,0,0
46.86,9,0.1643,5,62.82,666.8,0,0
34.37,18,0.6347,0,12.09,454.5,0,0
40.73,10,0.2371,1,14.92,912.8,0,0
35.63,18,0.3141,1,20.26,350.9,0,0
51.28,11,0.2711,1,3.86,1078.8,0,0
168.06,9,0.1213,4,13.67,1043.1,0,0
4.44,17,0.4423,4,46.87,895.0,0,0
36.12,13,0.3352,4,10.75,1361.1,0,0
52.4,2,0.2716,3,11.16,635.6,0,0
58.35,22,0.0877,2,0.98,623.8,0,0
31.99,8,0.1202,4,8.74,599.3,0,0
9.2,11,0.2049,2,8.85,811.4,0,0
60.05,12,0.5326,3,58.12,696.5,0,1
211.58,13,0.5675,2,40.17,588.4,0,0
11.24,18,0.2264,1,32.97,614.9,0,0
97.27,0,0.0631,2,1.21,874.7,0,0
33.26,21,0.2944,2,16.33,1294.4,0,0
42.3,16,0.2395,4,16.27,536.2,0,0
17.33,21,0.4024,1,7.96,189.6,1,0
33.08,18,0.4578,2,27.39,1012.1,0,0
144.03,21,0.1304,2,2.97,438.5,0,0
75.52,15,0.0756,2,19.11,1292.6,0,0
212.53,11,0.4119,1,10.33,1098.8,0,0
128.98,13,0.3485,4,9.18,1147.3,0,1
66.37,16,0.2942,1,18.7,767.2,0,0
214.76,12,0.0491,1,42.11,1259.4,0,0
66.36,17,0.1915,2,2.35,907.9,0,0
94.18,6,0.1358,5,7.01,871.1,0,0
34.23,19,0.1506,1,26.28,797.5,0,0
47.46,9,0.1333,3,22.15,956.8,0,0
23.86,21,0.3171,2,10.51,317.5,1,0
108.92,8,0.0462,1,24.76,584.6,0,0
15.48,7,0.3376,2,14.74,585.2,0,0
90.39,18,0.1369,2,19.77,707.5,0,0
37.65,18,0.1894,2,12.58,425.8,0,0
128.27,17,0.4983,2,1.03,522.2,0,0
87.86,22,0.1704,1,6.16,366.7,0,0
230.12,10,0.1924,2,13.41,518.9,0,0
86.29,19,0.1832,3,4.4,464.9,0,0
10.86,11,0.5474,2,55.42,512.3,0,0
42.09,14,0.1328,3,68.58,1110.4,0,0
15.57,13,0.2942,1,15.89,718.2,1,1
28.04,0,0.1363,2,31.48,656.7,0,0
174.18,15,0.123,2,0.65,1355.8,0,0
79.34,17,0.0604,1,15.29,880.7,0,0
23.83,9,0.1574,1,13.91,916.4,0,0
17.95,21,0.0634,3,5.19,799.0,1,0
46.04,14,0.1552,1,15.36,1123.6,0,0
14.96,9,0.0428,1,24.45,1210.3,0,0
24.43,16,0.288,1,22.29,863.0,0,0
59.19,9,0.3847,1,3.78,1116.9,0,0
126.44,5,0.2575,0,2.15,955.9,0,0
77.31,16,0.0576,1,26.34,879.6,0,0
5.69,7,0.2287,4,7.89,627.7,0,0
58.79,7,0.0553,2,1.05,505.3,0,0
47.7,17,0.0977,0,14.26,321.8,0,0
64.88,5,0.3918,2,50.57,1539.9,0,0
191.44,18,0.1412,2,0.8,1122.5,0,0
6.98,18,0.2101,1,3.88,594.8,0,0
26.26,8,0.5528,2,13.17,288.8,0,0
76.08,14,0.0293,1,13.18,959.0,0,0
10.77,6,0.4671,4,1.61,638.9,0,0
168.74,16,0.3951,2,7.63,1151.7,0,0
62.27,5,0.5114,1,19.35,447.2,0,0
95.77,21,0.2082,0,33.37,583.0,0,0
26.74,9,0.558,1,5.42,672.7,0,0
92.98,16,0.0919,0,13.01,1024.9,0,0
116.94,7,0.385,0,22.53,527.5,0,0
55.12,9,0.3039,1,3.09,965.0,1,0
55.2,13,0.0092,1,16.61,332.6,0,0
57.01,15,0.1294,1,70.24,721.7,0,0
20.55,23,0.3219,5,6.57,1439.0,0,0
39.14,2,0.4254,2,37.29,1736.9,0,0
38.97,0,0.7397,0,0.46,1245.3,0,0
63.12,11,0.4479,2,15.94,284.2,0,0
109.93,12,0.2437,2,15.9,686.4,0,0
17.24,20,0.0657,1,16.69,733.2,0,0
39.94,21,0.0394,5,26.71,1168.3,0,0
169.58,20,0.3083,2,12.01,789.7,1,1
22.89,8,0.2501,2,16.14,431.3,0,0
21.33,12,0.2301,2,10.59,1255.0,0,0
53.63,17,0.4273,2,18.69,1629.5,0,0
95.58,11,0.4219,0,25.65,1081.5,0,0
45.16,16,0.0324,1,31.66,515.2,0,0
147.83,10,0.3004,2,11.82,1818.6,0,1
96.65,11,0.3818,1,21.06,1129.5,1,1
95.36,19,0.0894,2,28.27,1039.2,0,0
73.6,10,0.0189,1,99.92,1594.8,0,0
363.18,22,0.4321,2,30.44,1144.8,0,0
37.16,11,0.4432,1,28.89,700.2,0,0
7.37,2,0.1791,2,26.27,1496.2,0,0
189.39,10,0.1275,2,29.92,456.2,1,0
29.61,9,0.3269,1,16.5,502.7,0,0
49.26,14,0.2054,1,65.81,566.5,0,0
145.27,7,0.249,1,37.24,802.5,0,0
10.57,15,0.0407,1,14.42,862.8,0,0
14.49,20,0.0782,2,29.02,676.2,0,0
10.58,11,0.2696,2,50.97,694.1,0,0
21.87,9,0.2343,3,6.61,884.4,0,0
66.4,12,0.4622,4,10.99,456.7,0,1
71.65,18,0.1742,2,0.13,995.3,0,0
57.32,15,0.0592,1,15.8,178.5,0,0
12.53,7,0.2158,2,11.43,749.0,0,0
5.59,14,0.3351,3,9.14,564.2,0,0
46.94,13,0.2208,4,46.63,1781.5,0,0
29.24,11,0.6404,2,19.58,649.4,0,0
67.59,7,0.6573,0,27.04,804.5,0,0
84.08,23,0.5234,0,0.78,666.2,0,0
50.62,9,0.5041,2,13.07,412.0,0,0
88.6,9,0.4872,2,11.3,402.9,0,0
54.94,8,0.4616,5,18.74,363.6,0,0
72.03,15,0.1407,3,38.18,743.3,0,0
23.71,13,0.1868,1,1.7,636.0,0,0
38.03,10,0.312,2,10.06,281.6,0,0
53.36,13,0.363,3,15.12,1664.3,0,0
93.55,16,0.465,1,3.85,1039.5,0,0
31.36,10,0.3288,2,2.89,812.7,0,0
71.45,21,0.2221,2,0.68,219.5,0,0
35.19,11,0.1496,0,8.67,915.9,0,0
40.21,9,0.2837,4,8.56,789.5,1,1
94.31,21,0.1823,4,31.64,1145.2,0,0
7.44,18,0.1585,0,3.99,508.3,0,0
13.92,11,0.1947,2,23.11,583.0,0,0
11.78,19,0.1197,1,31.08,851.5,0,0
5.47,14,0.2007,2,65.76,570.8,0,0
24.28,11,0.3056,1,9.03,909.6,0,0
87.75,19,0.1675,0,17.65,405.5,0,0
34.59,17,0.575,5,7.73,713.5,0,0
53.41,11,0.3673,1,14.98,512.7,0,0
119.14,15,0.3948,2,10.3,1117.0,0,0
147.66,12,0.296,2,0.77,1865.9,0,0
42.0,0,0.0931,3,4.65,1636.8,0,0
151.14,22,0.2757,4,15.74,261.1,0,1
48.57,14,0.486,2,20.55,949.4,0,0
21.04,15,0.1284,0,26.63,508.2,0,0
26.18,15,0.0853,1,15.79,399.4,0,0
11.79,14,0.2178,3,28.42,936.3,0,0
20.1,10,0.1549,2,22.28,399.6,0,0
32.39,22,0.3364,0,15.53,1290.6,0,0
92.13,15,0.2263,1,10.09,946.1,0,0
210.33,16,0.4522,4,31.14,1159.5,0,1
12.88,13,0.0391,1,3.4,852.4,0,0
63.66,10,0.5256,1,30.92,372.7,0,0
17.52,5,0.2015,6,0.17,623.3,0,0
68.53,11,0.2559,3,50.69,1403.9,1,1
39.73,9,0.2959,4,46.9,700.3,0,0
8.6,16,0.0909,1,0.53,674.8,0,0
103.08,20,0.3151,1,30.8,1480.6,0,0
25.93,11,0.253,3,9.34,838.3,0,0
27.65,11,0.3186,2,53.29,1329.9,0,0
17.07,16,0.1641,2,23.92,706.1,0,0
24.81,8,0.134,0,15.63,449.2,0,0
65.7,21,0.0556,2,43.1,195.2,0,0
37.7,12,0.2206,0,49.33,697.9,0,0
60.09,7,0.0461,4,2.67,790.5,0,0
61.91,9,0.8749,3,52.41,1266.5,0,1
146.73,21,0.4871,1,7.01,77.1,0,0
32.83,10,0.1752,3,44.21,990.1,0,0
11.83,16,0.1572,2,10.07,755.5,0,0
116.8,8,0.3008,2,8.01,684.9,0,0
33.17,9,0.1288,0,9.59,1821.6,0,0
121.89,20,0.6114,3,8.39,949.8,0,0
63.12,8,0.2445,5,12.53,1509.7,0,1
39.72,1,0.2599,1,5.74,500.5,0,0
61.18,14,0.2295,2,73.87,607.2,0,0
258.76,19,0.2104,2,2.79,1272.5,1,1
289.83,11,0.251,1,18.84,460.7,0,0
47.58,7,0.1614,2,6.51,474.7,0,0
51.63,23,0.2888,1,22.95,427.7,0,0
117.76,16,0.6316,3,97.15,563.5,0,1
20.88,19,0.286,3,40.8,856.2,0,0
60.33,17,0.4297,3,3.1,985.0,0,0
43.67,17,0.093,3,55.85,816.9,0,0
59.29,12,0.3626,1,43.74,634.9,0,0
21.11,11,0.3288,3,149.1,770.6,0,1
10.69,17,0.512,4,57.05,1517.2,0,0
6.92,17,0.2961,1,31.48,759.2,0,0
16.35,21,0.1506,2,45.96,610.1,0,0
29.58,15,0.2348,3,26.79,173.6,0,0
34.33,10,0.4013,1,5.49,723.6,0,0
255.57,13,0.3477,4,35.31,1243.8,0,1
120.95,15,0.5137,3,4.41,277.0,1,1
18.8,12,0.1081,2,16.21,365.3,0,0
61.13,18,0.1436,0,5.52,573.6,0,0
30.99,15,0.0687,3,84.74,529.7,0,0
34.61,0,0.2271,1,15.42,795.6,0,0
52.81,15,0.0657,2,44.39,1727.3,0,0
78.04,16,0.1746,7,12.6,413.9,0,0
32.94,21,0.2823,1,1.52,523.4,0,0
116.45,12,0.1578,1,2.6,692.2,0,0
15.99,15,0.0577,0,48.05,501.1,0,0
44.96,13,0.1984,2,6.63,793.4,0,0
463.08,14,0.2945,2,7.46,968.5,0,0
54.64,6,0.1457,3,29.65,531.3,0,0
162.37,20,0.2234,5,16.11,1150.2,0,1
48.54,20,0.1333,0,51.03,618.5,0,0
75.39,14,0.4458,1,10.73,498.5,0,0
42.47,14,0.3011,2,35.69,316.9,0,0
38.35,5,0.6564,1,49.11,1018.8,0,0
22.16,15,0.4444,0,26.8,868.3,0,0
65.84,13,0.1487,1,4.34,400.6,0,0
20.77,17,0.1283,2,20.53,466.1,0,0
81.37,4,0.6904,1,44.77,831.5,0,1
118.72,17,0.2578,1,40.41,986.0,0,0
62.17,10,0.321,0,0.09,883.9,0,0
34.55,16,0.4842,2,7.08,1016.1,0,0
67.26,16,0.5472,4,4.77,1997.8,0,0
33.86,9,0.2082,1,30.61,1160.5,0,0
103.75,13,0.1842,1,17.82,1032.2,0,0
8.6,19,0.4002,4,1.24,558.7,0,0
33.05,15,0.0559,3,16.98,377.7,1,0
7.45,6,0.2617,2,5.01,1405.4,0,0
11.64,13,0.2591,4,6.43,574.0,1,0
152.55,11,0.4144,1,13.78,927.1,0,0
100.05,16,0.2321,1,21.01,307.8,0,0
23.39,15,0.3122,1,115.37,241.4,0,0
11.56,0,0.2905,0,46.5,1155.2,0,0
3.1,15,0.1432,4,3.61,492.4,1,0
27.41,17,0.1781,2,3.05,923.0,1,0
394.8,18,0.3222,1,3.62,495.4,0,0
66.12,5,0.6051,0,12.46,974.9,0,0
27.01,11,0.2334,1,0.98,714.4,0,0
67.94,12,0.1876,5,55.9,649.3,0,0
10.97,9,0.343,6,4.56,879.1,0,0
34.21,12,0.1499,2,16.2,950.8,0,0
48.89,6,0.3206,1,26.44,518.6,0,0
41.37,7,0.2812,0,75.74,926.8,0,0
91.08,16,0.4341,2,1.67,964.2,0,0
60.96,10,0.1561,3,11.66,1144.1,0,0
81.57,17,0.2298,1,9.76,1331.3,0,0
24.06,4,0.5324,2,37.39,729.5,0,0
100.29,15,0.5727,2,7.17,497.8,0,1
193.65,12,0.1273,4,10.68,433.7,1,1
18.67,18,0.3329,2,3.58,539.3,0,0
20.11,18,0.715,0,3.58,563.3,0,0
148.74,12,0.5579,3,1.05,611.0,0,1
37.63,15,0.3604,3,31.62,718.3,0,0
158.13,9,0.2601,2,31.55,804.8,0,0
30.02,15,0.2852,2,4.13,829.4,0,0
165.59,6,0.0362,1,27.67,1066.2,0,0
50.32,13,0.1166,3,13.43,1400.9,0,0
56.4,9,0.4403,2,14.19,833.1,0,0
182.77,20,0.184,2,30.97,564.0,0,0
32.28,13,0.2116,4,11.23,1055.2,0,0
19.16,15,0.1532,4,18.71,1022.4,0,0
29.85,11,0.0935,1,30.69,533.6,0,0
67.16,10,0.106,3,7.37,1030.9,0,0
10.92,9,0.2874,2,45.06,141.3,0,0
79.34,20,0.3312,1,53.79,431.9,0,0
27.53,18,0.0895,1,45.59,380.3,0,0
125.59,8,0.1821,1,0.14,446.6,0,0
5.18,17,0.1806,4,8.87,1066.7,0,0
22.02,12,0.142,3,24.31,643.8,1,0
9.8,1,0.2305,1,12.04,1132.0,0,0
21.25,14,0.4233,4,1.45,1463.4,0,0
55.86,7,0.3141,0,24.92,1425.8,0,0
38.04,9,0.215,2,16.08,524.8,0,0
35.59,17,0.2759,1,6.39,658.3,0,0
38.73,10,0.4769,1,2.44,729.3,0,0
53.68,20,0.29,0,9.75,1569.2,0,0
18.04,16,0.341,4,24.58,519.2,0,0
84.45,19,0.1746,0,15.95,1224.8,0,0
81.16,15,0.087,1,3.01,923.3,0,0
63.21,20,0.0248,1,3.0,173.3,0,0
73.76,11,0.1739,3,31.62,631.7,0,0
58.37,14,0.28,2,2.89,417.3,1,0
279.1,14,0.263,2,19.03,620.1,0,0
41.33,20,0.065,2,2.91,179.2,0,0
33.91,9,0.1193,4,3.31,1618.9,0,0
22.69,15,0.3592,2,15.13,588.8,0,0
17.65,17,0.243,2,2.74,623.5,0,0
14.58,12,0.347,0,27.26,1539.3,0,0
20.09,19,0.7027,0,37.28,343.5,0,0
41.95,12,0.2595,6,6.67,941.8,0,0
60.39,9,0.1916,5,14.34,489.8,0,0
46.81,15,0.2493,1,50.21,245.4,0,0
22.44,12,0.2629,0,8.24,1002.4,1,0
100.5,1,0.3225,2,9.53,1351.3,0,0
86.96,6,0.2575,1,4.82,706.7,0,0
38.72,9,0.6235,0,26.98,1080.5,0,0
24.84,18,0.2182,1,15.5,518.1,0,0
73.23,20,0.7271,0,2.99,958.4,0,1
52.94,14,0.269,0,19.0,742.2,0,0
12.14,7,0.1225,2,6.98,550.6,0,0
42.05,14,0.1197,1,4.4,406.6,0,0
56.59,19,0.3376,0,27.63,1338.5,1,1
19.89,17,0.1597,0,28.37,756.9,0,0
53.03,10,0.4473,4,5.54,600.1,0,0
12.07,7,0.1199,4,9.62,641.9,0,0
148.79,20,0.0718,3,45.77,973.5,0,0
137.44,19,0.0885,0,20.3,1062.8,0,0
35.61,4,0.4821,2,13.28,744.7,0,0
62.0,18,0.0818,0,12.46,931.8,0,0
5.11,6,0.4108,1,68.68,619.1,0,0
15.79,5,0.3566,2,55.81,661.4,0,0
34.32,18,0.4942,1,40.75,1010.5,0,0
17.03,14,0.478,1,21.51,607.5,0,0
85.03,12,0.1751,3,56.27,388.5,0,0
269.77,20,0.3298,4,12.44,983.6,0,0
15.5,19,0.3704,1,33.04,895.9,0,0
21.04,5,0.4993,2,13.35,1153.1,0,0
55.25,15,0.0431,1,40.75,976.2,0,0
190.57,18,0.1086,4,17.41,883.2,0,0
14.88,14,0.166,3,42.1,356.8,0,0
55.93,23,0.2391,1,38.93,734.0,0,0
230.25,16,0.5745,1,21.44,565.5,0,0
10.11,7,0.3518,5,22.11,972.4,0,0
14.11,9,0.2217,1,2.49,1616.9,0,0
30.53,19,0.324,1,4.12,1052.3,0,0
27.98,23,0.3557,1,6.37,342.6,1,0
92.88,6,0.2823,1,10.32,857.8,0,0
55.56,7,0.4184,0,20.28,567.4,0,0
9.05,18,0.1798,0,4.93,1023.7,0,0
71.08,5,0.432,2,0.2,1108.5,0,0
26.58,6,0.069,0,43.9,722.8,0,0
140.75,20,0.1839,1,0.82,610.9,0,0
25.41,18,0.6467,1,49.66,882.1,0,0
25.21,20,0.449,2,5.36,532.5,0,0
72.75,16,0.4709,2,24.05,1124.7,0,0
88.82,11,0.3627,3,10.26,980.0,0,0
66.91,20,0.4139,3,56.73,597.8,1,1
9.81,11,0.4937,2,35.02,419.7,0,0
72.55,10,0.2509,3,20.28,836.2,0,0
17.62,20,0.167,4,0.49,1228.1,1,0
55.24,16,0.1563,1,16.85,1086.0,1,0
12.41,20,0.4073,4,11.19,384.9,0,0
66.8,8,0.0739,4,22.7,930.4,0,0
21.63,21,0.368,2,9.66,980.0,0,0
14.09,15,0.5172,1,33.88,665.9,0,0
84.98,16,0.1515,1,7.86,758.6,0,0
55.56,21,0.1643,2,5.77,1057.9,0,0
25.72,12,0.3523,4,12.05,800.0,0,0
165.02,17,0.0973,1,4.73,218.8,0,0
30.07,16,0.2921,3,6.73,479.8,0,0
46.01,18,0.3588,1,20.24,592.3,0,0
56.94,20,0.2428,0,4.4,487.2,0,0
25.59,16,0.3842,0,27.09,1120.8,0,0
68.31,6,0.4905,0,4.49,912.9,0,0
27.66,9,0.1241,1,42.46,355.5,0,0
30.86,21,0.3995,2,37.92,903.0,0,0
152.38,22,0.2101,3,3.33,1163.5,0,0
17.52,22,0.3151,4,3.97,668.3,0,0
5.1,3,0.1249,2,35.04,873.7,0,0
190.54,12,0.3097,2,45.41,782.6,0,0
443.37,18,0.1934,0,20.54,406.0,0,0
31.04,17,0.3067,3,42.14,904.7,0,0
7.82,6,0.2315,3,19.23,560.1,0,0
33.8,15,0.3038,1,20.92,1445.3,0,0
34.55,8,0.4624,1,17.08,391.6,1,0
37.68,13,0.4606,2,18.36,739.3,0,0
16.41,10,0.4053,4,27.4,1196.2,0,0
75.31,4,0.2591,2,4.75,597.4,0,0
71.67,6,0.2445,1,29.64,896.1,0,0
11.65,20,0.0516,3,5.15,2809.8,0,0
83.87,17,0.2086,9,11.97,1153.8,0,1
283.56,21,0.4375,1,30.27,919.5,0,1
52.18,13,0.53,4,9.2,1082.1,0,1
33.0,12,0.4367,7,94.22,943.6,0,1
39.34,11,0.0733,1,18.7,468.6,0,0
77.77,15,0.1013,1,50.84,882.5,0,0
9.42,11,0.1933,1,28.01,1936.4,0,0
51.83,17,0.6442,2,11.37,1321.7,0,0
31.46,18,0.0687,1,33.19,643.1,0,0
235.81,20,0.3657,0,9.75,683.0,0,0
38.22,10,0.2494,6,10.82,2003.0,0,0
200.56,14,0.2884,2,77.5,738.8,0,0
16.55,9,0.3338,1,30.77,603.3,0,0
75.83,3,0.1019,4,6.84,476.3,0,0
59.59,17,0.1519,1,9.23,813.5,0,0
20.45,14,0.3237,2,8.79,583.6,0,0
52.44,17,0.2544,1,36.61,796.5,0,0
133.12,6,0.4083,1,16.16,907.0,1,1
33.4,23,0.2132,0,58.77,1403.1,0,0
9.75,23,0.6225,3,35.68,676.1,0,0
44.0,13,0.2516,2,22.88,214.1,0,0
19.84,19,0.4196,2,13.61,658.2,0,0
32.85,10,0.1282,3,29.47,662.8,0,0
41.54,17,0.1695,1,8.78,635.1,0,0
9.63,20,0.3883,1,6.3,722.6,0,0
10.44,18,0.2404,4,12.76,262.7,0,0
68.98,18,0.2937,1,34.39,401.0,0,0
27.93,13,0.8009,1,21.63,620.3,0,0
4.44,18,0.3323,0,10.77,1152.9,0,0
90.59,16,0.2374,3,25.37,747.5,0,0
57.12,8,0.4392,4,5.59,980.8,0,0
23.51,7,0.348,2,0.18,370.4,0,0
13.67,18,0.3864,3,14.21,507.7,0,0
94.84,15,0.2138,3,12.8,106.8,0,0
61.22,14,0.1925,2,18.4,240.6,0,0
381.59,20,0.0888,1,26.89,1846.1,0,0
65.25,16,0.1639,1,8.39,356.8,1,0
63.37,12,0.3037,3,52.34,442.6,0,0
38.47,12,0.43,1,7.34,172.0,0,0
93.23,15,0.5282,2,60.51,497.6,0,1
78.46,18,0.0204,6,5.78,1569.5,0,0
137.9,15,0.0543,1,23.93,364.5,0,0
27.96,14,0.0588,3,0.15,695.9,0,0
30.21,17,0.4512,1,0.72,519.0,0,0
29.04,17,0.3655,2,8.72,580.9,0,0
91.08,19,0.2565,0,3.14,316.9,0,0
172.18,5,0.1892,1,23.17,527.6,0,0
29.58,17,0.3102,3,21.82,1016.1,0,0
30.5,14,0.1791,2,11.45,692.0,0,0
59.3,6,0.082,1,8.93,890.3,0,0
35.83,16,0.6194,4,8.71,388.3,0,1
105.3,17,0.2672,2,4.79,1078.3,0,1
5.89,14,0.13,4,22.33,716.9,0,0
21.24,18,0.2097,2,58.54,588.0,0,0
22.11,11,0.4125,0,7.37,632.6,0,0
5.54,9,0.3768,1,3.85,765.9,0,0
18.78,11,0.1435,2,48.8,750.1,1,0
19.62,12,0.1755,0,21.99,1403.0,1,0
37.3,17,0.5282,1,27.52,781.7,0,0
121.71,19,0.3182,3,23.79,766.4,0,0
35.85,17,0.3611,1,12.68,676.3,0,0
17.68,9,0.1641,3,7.03,848.2,0,0
42.47,12,0.0662,1,52.72,1132.2,0,0
114.92,8,0.2192,5,15.44,238.4,0,0
18.57,16,0.2874,1,3.95,221.0,0,0
19.7,10,0.376,3,12.63,662.4,0,0
73.9,14,0.2416,1,5.88,480.0,0,0
36.62,18,0.0301,2,54.56,745.1,0,0
80.06,16,0.3346,1,30.22,754.3,0,0
44.16,11,0.3197,1,1.53,657.3,0,0
84.06,11,0.1094,5,12.06,1285.2,0,0
17.61,16,0.3083,1,19.15,454.0,0,0
44.22,14,0.6644,2,11.71,506.7,0,0
36.98,6,0.5108,1,6.34,1470.9,1,1
14.96,20,0.5514,1,55.16,355.7,0,0
10.94,14,0.1515,4,0.33,634.5,0,0
82.86,13,0.3731,3,12.83,599.6,0,0
32.59,9,0.0402,2,14.58,922.9,0,0
17.81,12,0.2241,3,2.93,699.1,0,0
40.99,11,0.2625,2,23.94,326.7,0,0
123.37,10,0.325,4,9.68,551.2,0,0
5.74,15,0.3977,1,6.06,516.3,0,0
11.62,13,0.3366,4,19.41,1011.4,0,0
19.48,20,0.1588,1,5.36,1467.4,0,0
166.51,21,0.2114,1,7.54,1286.0,0,0
57.65,9,0.2386,2,23.74,687.3,0,0
89.17,7,0.2819,3,4.89,1165.4,0,0
16.02,18,0.7878,0,10.54,1175.9,0,0
16.32,23,0.4663,4,5.81,1625.7,0,0
66.89,19,0.1662,4,13.9,79.1,0,0
47.11,2,0.376,4,23.2,583.4,0,0
73.25,10,0.0402,3,30.56,986.2,0,0
37.75,3,0.2314,0,3.97,491.8,0,0
57.42,18,0.1312,2,14.46,333.9,0,0
51.54,15,0.2675,0,15.24,381.1,0,0
90.02,14,0.2997,4,9.04,866.0,0,0
92.42,14,0.3401,2,38.6,516.0,0,0
10.4,10,0.359,1,17.61,385.5,1,0
5.91,15,0.0256,2,4.02,1486.9,0,0
110.12,2,0.0666,2,9.57,857.2,0,0
130.18,16,0.2045,1,0.84,1368.3,0,0
17.84,17,0.2882,2,44.41,591.4,0,0
8.38,16,0.2101,0,21.18,1093.6,0,0
48.87,11,0.2582,1,11.24,426.0,0,0
103.31,19,0.2104,2,5.3,515.5,0,0
225.39,17,0.2594,1,14.02,579.5,0,0
71.14,7,0.2318,4,88.64,520.6,0,0
31.99,9,0.0144,4,27.55,370.8,0,0
20.01,16,0.548,2,21.28,540.4,0,0
45.16,10,0.1581,5,22.94,293.3,0,0
34.15,7,0.1595,2,15.99,743.1,0,0
17.93,8,0.5421,0,17.81,1231.4,0,0
282.56,9,0.1081,0,30.85,484.2,0,0
222.88,13,0.1033,3,19.24,655.4,1,1
124.27,15,0.3429,0,30.67,1175.3,0,0
19.52,9,0.1578,4,16.97,1505.5,0,0
96.5,17,0.2632,4,17.12,1129.3,0,1
79.49,10,0.2418,3,12.03,753.6,1,0
66.57,11,0.4394,3,36.88,936.7,0,0
137.65,9,0.0939,1,3.44,980.5,0,0
79.19,18,0.3993,1,22.13,944.4,0,0
87.01,22,0.3006,5,13.46,513.7,0,0
79.3,13,0.1604,2,8.33,1062.3,0,0
60.75,3,0.0134,1,2.78,1221.0,0,0
8.98,10,0.0962,1,22.34,170.7,1,0
48.2,8,0.0302,1,23.19,582.3,0,0
27.1,19,0.3905,1,8.06,896.1,0,0
14.13,6,0.3153,2,12.61,801.4,0,0
203.09,22,0.6313,1,2.44,905.5,0,1
211.9,15,0.2652,1,18.6,400.8,0,0
151.91,14,0.0992,2,10.55,164.6,0,0
56.24,19,0.3058,1,15.75,770.9,0,1
150.74,2,0.2886,1,5.09,685.4,0,0
45.19,18,0.3505,3,60.75,1208.4,0,0
53.65,7,0.2509,6,24.95,901.6,0,0
16.71,19,0.4247,5,36.27,172.5,0,1
63.9,14,0.1794,3,3.56,913.1,0,0
47.2,5,0.3073,1,20.61,1386.7,0,0
13.84,19,0.1853,4,13.8,1186.5,0,0
42.69,2,0.2325,2,18.4,903.0,0,0
41.61,8,0.1903,4,1.95,546.3,0,0
225.38,18,0.2991,2,28.64,646.6,0,0
99.96,13,0.3295,4,51.41,637.8,0,1
45.16,20,0.3514,4,13.67,983.7,0,0
55.92,16,0.1613,2,5.24,952.5,0,0
46.52,15,0.2617,2,0.92,741.1,0,0
37.24,10,0.2031,2,1.11,1141.8,0,0
16.87,8,0.1211,0,58.75,479.9,0,0
39.02,22,0.1527,2,12.15,1094.8,0,0
22.84,7,0.3274,3,28.97,1519.7,0,0
14.51,14,0.526,1,37.13,1312.8,0,0
70.82,10,0.1225,2,53.59,1099.9,0,0
63.57,10,0.2129,0,54.44,538.4,0,0
8.95,15,0.5001,0,14.37,841.4,0,0
40.03,18,0.1037,0,43.81,1398.6,0,0
109.52,18,0.1645,1,33.97,975.8,1,1
115.97,20,0.3158,1,34.21,819.4,0,0
112.53,10,0.3098,4,10.25,971.8,0,0
46.29,13,0.676,0,9.68,1737.8,0,0
20.89,0,0.2451,2,27.32,1290.7,0,0
16.86,17,0.2697,2,7.64,1594.1,0,0
60.96,11,0.2679,0,31.53,1257.9,0,0
62.89,15,0.2913,0,13.73,651.5,0,0
142.39,9,0.0434,1,17.16,420.3,0,0
120.3,18,0.2968,2,16.9,642.3,0,0
39.69,18,0.2505,1,13.16,800.3,0,0
14.59,20,0.5234,1,85.3,1219.5,0,0
33.54,4,0.1699,1,24.86,1115.6,0,0
54.35,23,0.1903,2,13.19,478.0,0,0
37.27,10,0.3877,1,12.5,830.3,0,0
26.57,11,0.413,5,1.79,1389.8,0,0
56.13,10,0.5237,0,4.9,487.5,0,0
28.4,10,0.7243,3,20.95,701.3,0,0
25.4,14,0.3699,4,1.85,629.7,0,0
59.16,10,0.118,3,7.13,1160.6,0,0
31.13,12,0.2686,2,27.01,1626.4,0,0
55.68,16,0.0768,2,34.06,607.6,0,0
57.16,19,0.074,1,12.24,536.8,0,0
16.03,17,0.5287,1,0.66,364.5,0,0
28.99,15,0.1499,1,8.13,778.4,0,0
163.04,8,0.3068,3,15.12,1195.4,0,0
15.71,18,0.2821,2,33.57,283.4,0,0
6.65,3,0.35,1,28.41,724.5,0,0
8.37,10,0.2239,2,1.01,903.0,0,0
45.89,5,0.2331,1,41.05,1114.7,0,0
45.96,16,0.5104,3,14.88,878.6,0,0
40.21,12,0.5384,0,29.47,405.8,0,0
133.32,16,0.2903,1,0.21,550.1,0,0
4.03,11,0.1635,1,22.53,1462.2,0,0
63.84,13,0.3135,0,37.83,1035.4,0,0
182.23,13,0.0981,1,31.85,602.4,0,0
16.2,4,0.3254,6,11.71,718.3,1,0
31.76,13,0.5531,1,14.9,447.8,0,0
22.7,16,0.217,2,13.17,261.7,0,0
19.99,14,0.6626,1,9.51,747.9,0,0
33.33,6,0.2878,4,18.47,526.1,0,0
161.54,16,0.3873,2,0.82,919.0,0,0
233.61,11,0.4224,1,2.69,1811.7,0,0
33.04,1,0.2589,2,2.56,890.0,0,0
248.28,8,0.091,2,10.51,889.8,0,0
46.16,14,0.2239,1,2.12,1186.6,0,0
216.66,11,0.3177,1,62.11,361.4,0,0
41.1,17,0.5379,2,10.17,975.6,0,0
50.3,10,0.1977,4,4.62,441.6,0,0
62.11,18,0.3108,1,7.05,1173.8,0,0
781.31,10,0.4839,1,17.72,888.1,0,1
96.17,15,0.2505,2,7.67,383.4,0,0
23.65,18,0.6027,1,8.26,896.1,0,0
106.92,12,0.1994,3,26.61,119.6,0,0
32.28,4,0.076,0,8.28,331.5,0,0
28.77,14,0.2868,3,11.22,376.1,0,0
101.27,23,0.1494,2,2.03,313.5,0,0
45.97,22,0.1275,2,31.14,1212.9,0,0
57.44,9,0.2902,3,5.72,935.8,0,0
45.27,17,0.2424,3,61.34,803.3,0,0
60.52,11,0.6015,1,1.98,471.3,0,0
65.53,8,0.11,1,20.45,982.1,0,0
7.82,16,0.1278,2,38.71,814.7,0,0
81.44,14,0.4573,0,34.75,569.7,0,0
18.47,14,0.0917,1,17.17,853.4,0,0
12.21,19,0.3305,1,7.39,939.8,1,0
42.41,11,0.1002,0,14.47,400.0,0,0
48.21,16,0.4424,2,6.36,1372.3,0,0
23.95,12,0.2007,1,33.37,695.6,0,0
94.44,3,0.1949,1,53.21,961.5,0,1
13.36,12,0.2083,4,25.37,667.1,0,0
30.99,21,0.2514,2,29.82,894.6,0,0
26.41,13,0.0821,3,20.83,614.6,0,0
42.87,7,0.167,1,4.23,642.2,0,0
57.45,16,0.0619,1,56.03,608.2,0,0
18.05,22,0.1065,2,1.93,798.2,0,0
85.79,20,0.2091,0,22.04,1057.1,0,0
47.31,15,0.2133,2,60.95,1068.2,0,0
8.14,12,0.5639,1,10.79,1038.2,0,0
7.67,15,0.0916,1,25.19,839.5,0,0
44.21,18,0.5756,5,3.99,574.6,0,0
36.64,19,0.2854,2,17.41,175.2,0,0
40.73,18,0.4632,1,29.84,1046.7,0,0
43.59,13,0.2587,1,25.4,793.9,0,0
54.76,7,0.5124,0,16.0,534.3,0,0
104.89,15,0.4239,2,8.63,185.2,0,0
16.44,8,0.207,3,1.84,690.5,1,0
15.57,5,0.0753,2,24.19,1107.6,0,0
16.71,14,0.045,4,16.67,413.9,0,0
57.98,16,0.2856,5,0.41,1410.0,0,0
137.06,19,0.1844,0,11.13,1911.8,0,0
30.32,18,0.3604,3,0.37,576.2,1,0
4.7,19,0.6065,2,9.99,616.1,0,0
9.64,18,0.3668,3,40.06,670.6,0,0
21.12,17,0.1108,2,17.17,563.7,0,0
27.06,0,0.1543,4,13.41,1642.5,0,0
30.95,15,0.2705,3,20.77,670.2,0,0
46.28,7,0.4849,1,100.73,1709.7,1,1
33.77,5,0.2709,2,10.32,390.7,0,0
114.94,8,0.4528,3,22.01,819.7,0,0
24.33,18,0.0988,1,32.11,477.7,0,0
20.57,17,0.1717,0,31.46,337.0,0,0
68.79,21,0.5042,1,13.22,509.8,0,0
11.22,23,0.1929,2,3.94,538.7,0,0
63.48,20,0.3062,3,21.93,672.3,0,0
49.02,8,0.4957,4,85.94,276.7,0,0
39.15,20,0.1596,1,4.02,1575.4,0,0
186.69,19,0.2079,2,6.26,872.4,0,0
25.53,20,0.1222,2,26.09,1003.4,0,0
285.51,8,0.2676,2,0.24,779.7,0,0
36.49,7,0.1769,3,16.34,1275.4,0,0
14.16,21,0.4219,2,0.54,610.5,0,0
47.6,9,0.3078,2,6.06,777.1,0,0
16.97,12,0.268,2,8.74,454.1,0,0
22.72,13,0.2194,3,9.59,698.0,0,0
63.9,7,0.0828,6,26.5,743.5,0,0
73.7,1,0.4122,1,0.39,477.4,0,0
25.53,23,0.3038,5,19.12,866.5,0,0
108.71,20,0.2091,2,0.96,903.9,0,0
126.69,21,0.3219,0,61.81,1013.0,1,1
162.82,10,0.1427,4,14.58,894.9,0,0
71.99,9,0.3159,4,4.41,712.0,0,0
152.49,12,0.4883,5,30.38,1105.4,0,0
8.23,13,0.2734,0,2.48,774.0,0,0
33.58,0,0.2135,3,0.93,234.1,0,0
20.49,18,0.2288,2,33.14,347.4,0,0
49.76,23,0.52,2,26.33,449.2,0,0
26.73,14,0.1575,6,9.33,509.9,0,0
38.49,12,0.2204,1,46.77,868.3,0,0
243.22,12,0.2697,0,0.12,1300.9,0,0
38.37,6,0.0551,0,73.56,945.3,0,0
64.87,10,0.2282,1,38.74,846.0,0,0
36.27,14,0.4932,3,13.77,270.6,0,0
47.85,13,0.0587,3,20.96,185.1,0,0
44.94,14,0.1519,2,34.6,1391.2,0,0
66.92,19,0.1703,1,7.67,593.7,0,0
127.58,9,0.1322,1,37.46,877.1,1,1
196.89,2,0.1266,2,110.14,928.0,0,1
59.07,3,0.1815,2,25.63,1868.0,0,0
75.99,8,0.5097,4,4.88,1592.1,0,0
15.87,15,0.1106,2,17.98,2033.8,0,0
41.3,18,0.1144,3,21.62,1008.0,0,0
104.19,20,0.1636,0,9.67,1464.6,0,0
97.45,16,0.6168,0,19.0,402.2,0,1
54.08,12,0.3357,2,5.22,1886.3,0,0
99.26,8,0.3102,0,19.97,1091.3,0,0
69.53,12,0.4927,2,16.51,643.1,0,0
131.67,11,0.1782,3,11.18,1148.2,0,0
58.0,20,0.2242,3,54.76,1308.8,0,0
32.46,13,0.0433,3,14.91,964.2,0,0
60.48,9,0.2737,2,5.33,139.0,0,0
3.2,10,0.2415,3,54.95,1347.8,0,0
63.09,8,0.427,2,8.18,719.9,0,0
1.68,21,0.1178,0,12.06,962.7,0,0
9.48,4,0.5929,2,28.55,440.7,0,0
67.13,1,0.6304,3,38.26,646.7,1,1
68.7,9,0.1881,5,19.16,584.7,0,1
15.7,18,0.0649,2,15.21,396.1,0,0
23.55,14,0.2202,1,93.56,233.8,0,0
153.47,15,0.4566,2,18.39,658.1,0,0
28.92,11,0.5375,1,17.88,455.3,1,1
336.51,6,0.4826,1,13.75,829.3,0,0
44.62,19,0.5243,0,0.5,890.7,0,0
64.54,9,0.1075,1,14.03,1606.7,0,0
191.56,3,0.0809,3,22.3,76.4,0,0
50.3,15,0.133,1,18.76,567.0,0,0
18.14,6,0.4287,5,9.56,1313.6,0,0
40.5,6,0.4569,3,3.46,872.2,0,0
43.29,18,0.4224,1,0.73,944.2,0,0
13.09,13,0.2689,1,26.05,809.2,1,0
35.51,10,0.0658,3,11.48,1208.1,0,0
22.92,11,0.1623,2,11.95,806.7,0,0
102.71,17,0.4055,1,61.21,795.1,0,1
46.12,6,0.1375,1,8.05,448.1,0,0
34.66,7,0.1991,1,11.59,489.0,0,0
40.63,15,0.3872,2,15.32,876.4,0,0
54.64,15,0.3339,1,0.78,616.8,0,0
77.88,22,0.3301,3,5.37,327.2,0,0
18.18,12,0.3318,1,21.35,585.2,0,0
17.51,5,0.32,3,95.99,1109.9,0,0
120.81,14,0.4057,4,1.76,834.0,0,0
30.84,16,0.1494,1,66.55,541.7,1,0
12.49,8,0.25,3,36.62,736.1,0,0
66.65,14,0.1356,2,50.93,1168.3,0,0
67.83,9,0.0501,1,12.0,442.5,0,0
11.27,19,0.2574,1,56.52,421.0,0,0
54.96,19,0.8783,1,11.58,819.8,0,1
86.66,13,0.2746,3,0.37,589.7,0,0
62.61,22,0.1783,1,12.56,819.5,0,0
78.95,23,0.1564,2,22.83,759.1,0,0
12.63,7,0.5766,3,0.27,818.4,0,0
60.22,12,0.2147,2,5.09,1636.8,0,0
34.04,15,0.4537,4,38.96,374.7,1,1
28.95,6,0.2143,2,52.15,1030.0,0,0
97.86,12,0.0773,2,37.75,920.4,0,0
169.24,10,0.4143,4,18.51,1005.7,0,0
224.74,21,0.1302,2,11.69,259.5,0,0
145.96,12,0.0919,4,36.72,1081.7,0,0
40.5,18,0.2863,0,17.92,660.9,0,0
61.4,12,0.2824,2,12.89,802.0,1,1
89.13,7,0.2811,5,28.94,703.3,0,0
49.85,19,0.3231,1,29.7,474.1,1,1
50.28,0,0.208,0,9.53,672.0,0,0
93.82,5,0.3536,2,10.91,757.9,0,1
42.38,12,0.1594,1,3.82,961.5,0,0
23.19,16,0.397,2,17.71,884.9,0,0
30.78,11,0.5099,2,21.29,716.6,0,0
79.08,6,0.2624,1,3.68,774.2,0,0
44.82,11,0.4307,4,6.76,769.5,0,0
60.71,10,0.2467,4,9.29,948.7,0,0
81.7,0,0.3395,2,1.78,1077.2,0,0
31.9,14,0.3839,3,11.6,1129.1,0,0
88.29,7,0.0926,4,20.3,631.0,0,0
62.86,10,0.4824,1,25.73,146.9,0,0
14.71,16,0.3735,1,67.52,660.0,0,0
163.71,17,0.0983,1,16.68,601.8,0,0
28.48,10,0.1246,2,85.08,761.2,0,0
10.08,11,0.2293,0,28.94,1857.6,0,0
17.45,10,0.2036,3,8.97,628.4,0,0
17.83,22,0.4288,0,13.57,1006.3,0,1
46.85,9,0.2662,1,11.78,1016.2,0,0
34.94,9,0.2485,4,41.1,901.3,1,1
33.01,13,0.1181,1,73.39,250.4,0,0
78.08,9,0.1003,1,4.09,726.4,1,0
60.7,8,0.1283,2,10.44,944.0,0,0
59.41,6,0.164,3,15.08,512.2,0,0
64.64,16,0.1543,4,7.07,277.9,0,0
77.83,15,0.2779,0,55.79,954.1,0,0
6.7,16,0.2688,1,2.85,1099.7,1,0
32.2,18,0.547,1,0.65,701.0,0,0
6.28,11,0.0247,3,8.74,576.3,0,0
46.18,21,0.0321,1,86.42,1409.3,0,0
44.52,17,0.1477,0,8.44,1118.1,0,0
114.55,18,0.1483,1,2.51,429.7,0,0
130.17,17,0.5846,5,6.08,808.7,0,1
53.65,11,0.3133,1,36.2,457.7,0,0
28.49,10,0.1958,2,10.48,638.8,0,0
69.18,12,0.267,3,2.45,1307.6,0,0
27.8,6,0.4286,1,2.61,1312.5,0,0
44.65,13,0.2362,0,10.44,566.7,0,0
108.58,3,0.4221,5,26.45,990.2,0,1
27.06,0,0.2237,3,13.43,435.4,0,0
92.31,21,0.3162,1,26.31,1821.5,0,0
82.24,16,0.3602,2,31.15,276.6,0,0
18.93,15,0.3124,5,29.3,627.7,0,0
107.39,11,0.044,2,5.38,988.7,0,0
83.82,15,0.2991,1,13.19,476.3,0,0
49.0,20,0.1316,2,5.91,432.0,0,0
22.51,16,0.1422,5,14.55,738.3,0,0
20.63,15,0.1876,3,20.2,538.2,0,0
27.55,13,0.2202,2,2.89,253.3,0,0
72.85,11,0.3712,3,8.2,737.5,1,1
18.91,17,0.0889,2,8.05,969.9,0,0
66.27,23,0.491,2,27.39,676.0,0,0
14.62,12,0.2774,3,41.65,727.4,0,0
37.2,12,0.3636,0,0.96,901.7,0,0
49.34,12,0.0757,2,0.19,1572.5,0,0
403.68,12,0.0891,3,139.13,610.7,0,1
12.94,23,0.2552,2,96.12,870.7,1,0
168.14,17,0.7967,6,3.23,730.2,0,1
51.15,11,0.4759,1,69.69,417.5,1,1
64.72,12,0.6513,4,17.06,1049.7,0,0
49.73,13,0.2992,1,0.36,1379.3,0,0
66.7,3,0.0472,1,24.91,970.5,1,0
38.93,14,0.1512,5,44.94,208.7,1,1
165.45,18,0.1544,2,52.9,629.2,0,0
29.64,16,0.2169,1,1.25,968.8,0,0
123.84,9,0.3727,1,9.13,1195.8,0,0
25.03,17,0.1725,2,15.22,315.5,0,0
42.34,17,0.2035,1,8.09,411.2,0,0
17.03,10,0.4899,2,11.33,884.8,0,0
67.32,15,0.4533,2,18.89,780.3,0,0
164.12,15,0.3386,2,1.69,738.7,0,0
41.69,19,0.42,1,1.06,1530.4,0,0
37.44,8,0.3006,2,3.6,1602.3,0,0
16.39,9,0.5617,2,1.12,460.3,0,0
36.37,13,0.1956,1,4.32,268.8,0,0
10.66,4,0.3431,1,10.46,713.9,0,0
19.66,12,0.3157,0,4.28,1039.2,0,0
54.82,18,0.2867,3,1.06,1250.5,1,1
146.51,8,0.2806,5,10.22,615.8,0,0
560.2,13,0.4719,4,2.92,515.8,0,0
26.37,23,0.1925,4,6.98,909.7,0,0
162.68,14,0.1899,2,20.15,663.9,0,0
55.67,14,0.4494,1,31.75,760.9,1,1
39.01,14,0.347,1,5.16,973.2,0,0
65.98,9,0.4152,1,38.05,685.5,0,0
47.26,8,0.1266,2,21.45,345.5,0,0
49.37,16,0.0983,0,33.87,523.2,0,0
30.95,12,0.3677,3,32.21,537.2,0,0
12.7,10,0.1433,1,24.47,540.0,0,0
11.14,2,0.2686,2,70.11,242.9,0,0
80.47,19,0.4724,1,15.01,1720.4,0,0
34.85,2,0.2742,1,35.7,409.3,0,0
26.14,17,0.1658,1,16.85,1068.1,0,0
45.04,12,0.2723,1,36.97,482.5,0,0
91.42,15,0.5357,0,12.86,612.8,0,0
52.58,10,0.2915,1,16.0,750.9,0,0
24.77,8,0.0294,2,11.45,555.0,0,0
134.78,14,0.2123,2,61.71,1459.9,0,1
185.17,17,0.2673,1,18.61,2870.4,0,0
69.76,9,0.4246,2,17.88,259.2,0,1
107.37,13,0.3253,2,3.65,1211.9,0,0
136.7,13,0.3514,0,4.66,811.3,0,0
123.6,9,0.3158,0,1.99,629.5,1,1
77.69,15,0.1183,3,22.44,1114.0,0,0
76.59,8,0.1168,4,43.79,1265.8,0,1
71.36,14,0.2401,1,23.31,713.0,0,0
16.65,7,0.0603,0,6.28,1373.1,0,0
83.99,13,0.3028,4,15.31,224.8,0,0
13.19,11,0.1703,0,3.7,1035.9,0,0
21.86,13,0.0832,1,10.22,761.9,0,0
144.49,13,0.3981,1,16.89,835.9,0,0
95.22,20,0.1087,0,23.18,1198.9,0,0
170.49,13,0.3676,1,21.27,983.2,0,0
35.01,18,0.56,0,33.77,1742.4,0,0
15.85,9,0.1394,3,17.19,1890.1,0,0
36.0,11,0.1715,1,92.71,683.1,0,0
49.0,6,0.1266,3,31.72,378.8,0,0
47.99,12,0.427,4,26.22,742.7,0,0
124.0,16,0.2933,0,35.31,459.4,0,0
32.29,19,0.1656,4,62.85,596.6,0,0
61.36,15,0.4569,2,13.47,797.9,0,0
18.36,16,0.2232,1,2.77,311.5,0,0
67.04,9,0.1263,2,17.42,956.8,0,0
44.83,3,0.2305,1,65.08,714.6,0,0
22.76,18,0.2009,4,63.34,505.8,0,0
36.15,9,0.0671,3,30.21,171.0,0,0
37.87,6,0.0533,2,12.02,1179.9,0,0
35.05,21,0.0678,2,25.48,1270.1,0,0
220.13,22,0.0832,3,5.44,1204.9,0,0
40.91,15,0.3154,4,13.16,457.7,0,0
35.89,12,0.1543,0,23.58,913.5,0,0
6.77,19,0.1466,1,32.68,1294.0,0,0
19.99,9,0.1133,3,22.76,871.7,0,0
35.28,13,0.296,2,14.18,833.8,0,0
24.11,11,0.3385,2,1.49,1631.5,0,0
155.02,21,0.3755,7,18.14,1574.5,0,1
38.53,21,0.4305,4,0.88,596.7,0,0
142.54,16,0.5042,2,0.06,544.3,0,0
47.25,7,0.1005,2,7.79,486.3,0,0
46.22,13,0.5331,2,8.18,250.6,0,0
41.27,10,0.1419,4,64.54,1457.8,0,0
44.85,20,0.322,2,40.02,865.2,0,0
209.96,8,0.2464,3,12.09,603.1,0,0
5.54,4,0.0403,1,37.68,784.1,0,0
7.38,17,0.5575,1,7.73,1522.6,0,0
27.42,13,0.5552,2,9.44,323.3,0,0
45.29,19,0.2231,1,6.1,1433.0,0,0
83.19,6,0.657,1,0.4,747.9,0,0
68.43,18,0.2602,2,20.85,944.3,1,1
31.63,3,0.3638,3,3.8,971.5,0,0
111.85,2,0.3284,1,2.97,1566.2,1,0
112.98,13,0.439,3,24.18,473.1,0,1
52.75,9,0.4393,0,1.36,2065.3,0,0
106.31,15,0.5077,1,35.34,365.5,0,0
57.13,2,0.2038,3,23.63,522.1,0,0
26.97,3,0.2171,2,67.68,1050.6,0,0
83.77,17,0.768,4,9.16,1473.1,1,1
49.38,9,0.5314,0,16.81,485.7,0,0
44.76,16,0.7456,1,1.75,338.4,1,1
168.28,17,0.0428,0,10.58,1512.8,0,0
4.92,5,0.2437,2,9.97,611.5,0,0
12.48,18,0.1994,1,18.86,634.7,0,0
15.36,10,0.538,3,55.17,807.7,0,1
32.24,12,0.3462,0,4.71,728.3,0,0
35.55,6,0.3226,1,2.05,1067.7,0,0
11.51,19,0.2773,1,2.08,376.2,0,0
18.42,15,0.2849,1,23.47,314.4,0,0
20.6,14,0.1289,3,61.49,937.7,0,0
408.17,22,0.1585,2,39.53,964.7,0,0
226.23,11,0.2951,3,18.24,1065.6,0,0
30.86,20,0.3681,1,2.97,1036.3,0,0
32.23,17,0.1998,1,2.88,317.8,0,0
15.89,21,0.6469,1,32.39,1027.9,0,0
8.03,20,0.2862,1,4.13,1005.9,0,0
40.24,23,0.0536,3,2.38,349.2,0,0
18.21,7,0.4668,2,7.3,1267.6,0,0
41.41,18,0.426,3,68.64,476.8,0,0
10.59,18,0.3886,2,9.82,445.2,0,0
22.52,16,0.2717,1,20.78,1079.0,0,0
51.1,10,0.2714,0,47.37,395.5,0,0
62.15,22,0.2047,1,25.71,675.4,0,0
65.09,9,0.5354,2,6.33,621.6,0,0
13.62,14,0.177,0,9.51,564.2,0,0
96.47,14,0.3227,1,9.66,497.5,0,0
21.75,8,0.3407,1,32.52,1921.4,0,0
79.01,17,0.2699,1,77.16,1047.5,0,0
44.28,6,0.3317,2,16.09,529.7,0,0
12.95,17,0.5412,0,53.8,149.5,0,0
33.63,19,0.1314,0,0.76,537.7,0,0
62.11,11,0.1703,2,2.27,892.3,0,0
77.61,17,0.2307,1,23.2,619.9,0,0
39.37,8,0.0562,3,0.66,921.2,0,0
177.43,19,0.2997,2,9.66,414.0,0,1
110.69,21,0.2782,2,1.56,806.1,0,0
35.48,8,0.441,3,50.58,1113.2,1,1
87.8,16,0.4871,1,141.65,783.6,1,1
254.78,14,0.1833,1,17.35,643.9,0,0
260.98,14,0.2043,4,5.57,969.0,0,1
14.8,17,0.2688,1,5.32,215.2,0,0
19.42,13,0.4886,2,2.45,1111.5,0,0
170.11,15,0.1307,4,6.7,237.5,0,0
17.25,10,0.2979,3,11.93,1204.6,0,0
13.6,12,0.0725,4,4.39,630.7,0,0
28.86,19,0.0574,2,1.41,179.3,1,0
65.25,7,0.0823,3,57.89,1157.6,0,0
40.77,15,0.3041,0,42.35,1288.7,0,0
24.89,9,0.1436,3,33.37,652.9,0,0
24.37,19,0.1234,3,15.04,1240.0,0,0
23.54,15,0.1485,4,14.49,861.9,0,0
20.26,12,0.3278,2,10.03,965.2,0,0
348.44,10,0.4472,4,11.27,1388.2,0,1
58.43,13,0.328,2,12.04,910.4,0,0
99.29,22,0.1338,1,9.65,1159.0,0,0
28.78,14,0.0552,1,28.48,1843.6,0,0
37.81,13,0.0134,2,8.56,1154.1,0,0
23.52,17,0.3742,2,72.16,621.9,0,0
4.11,12,0.1238,2,6.96,876.3,0,0
12.93,12,0.4423,0,3.29,535.7,0,0
8.76,11,0.606,2,15.54,896.9,0,0
5.9,8,0.5304,2,27.06,666.7,0,0
15.24,17,0.1944,3,17.63,942.1,0,0
147.3,20,0.4713,3,25.26,1166.5,0,1
42.95,20,0.2117,1,18.89,525.7,0,0
142.81,20,0.0942,3,9.37,794.0,0,0
64.71,13,0.4919,2,15.21,454.9,0,0
90.41,10,0.476,2,7.46,540.5,0,0
19.87,16,0.1558,1,58.91,858.2,0,0
71.63,21,0.2842,5,27.52,641.2,0,0
86.13,17,0.189,2,12.22,1511.8,0,0
26.6,14,0.4829,1,22.41,285.8,0,0
73.96,16,0.1851,1,28.55,1666.5,0,0
74.41,18,0.5044,1,19.2,1155.2,0,0
27.26,21,0.448,1,11.19,1041.7,0,0
16.27,18,0.3164,0,9.25,1118.2,0,0
15.4,13,0.3938,6,22.65,1106.6,0,0
48.32,10,0.0657,3,9.99,615.9,1,1
60.0,14,0.1966,5,10.93,1185.2,0,0
21.91,11,0.3728,3,19.12,894.0,1,0
45.78,21,0.4729,3,4.06,314.6,0,0
74.7,14,0.5219,4,10.1,545.1,0,0
77.97,13,0.0528,3,12.27,457.6,0,0
180.67,11,0.2185,1,3.68,708.0,0,0
141.07,16,0.1029,2,8.82,239.4,0,0
18.15,14,0.0632,1,14.23,1091.3,0,0
203.41,7,0.2893,0,2.1,1187.2,0,0
27.72,20,0.1276,0,17.48,606.0,0,0
114.48,11,0.2988,5,4.4,950.7,0,0
47.52,13,0.2005,2,34.95,1540.5,0,0
30.85,9,0.3467,1,7.79,636.2,0,0
8.79,14,0.4103,1,0.45,636.4,0,0
38.31,17,0.2327,1,2.79,686.3,0,0
10.99,20,0.135,1,17.07,1047.8,0,0
106.76,4,0.3797,2,50.87,629.9,0,0
175.06,22,0.0695,3,11.53,692.8,0,0
21.82,17,0.1188,3,6.84,1028.8,0,0
58.66,10,0.1932,5,0.51,999.2,0,0
23.27,9,0.0654,2,0.54,589.3,0,0
25.39,10,0.0543,1,11.84,447.3,0,0
89.75,20,0.3458,1,10.77,651.3,0,0
43.18,10,0.4293,2,10.42,729.1,0,0
213.94,13,0.2977,3,2.39,865.6,0,0
28.96,17,0.0711,3,8.21,787.7,0,0
109.88,20,0.1472,3,55.23,390.9,0,1
48.8,16,0.3747,4,38.37,622.2,0,0
91.49,17,0.3254,5,18.64,248.6,0,0
29.89,9,0.4755,3,10.46,863.3,1,0
42.75,20,0.4933,2,15.0,435.4,0,0
40.29,10,0.6248,2,1.44,334.2,0,0
21.06,7,0.1724,0,1.3,666.7,0,0
81.12,22,0.2773,1,26.54,930.4,0,0
80.26,9,0.1415,1,11.35,777.2,0,0
76.26,8,0.1697,1,31.71,1622.4,0,0
178.26,15,0.2621,1,17.56,286.4,1,0
164.75,11,0.1959,2,46.53,277.4,0,0
31.9,8,0.1406,1,4.23,566.0,0,0
62.54,15,0.341,5,49.03,1162.5,0,0
25.5,18,0.1321,2,3.91,591.8,0,0
45.65,18,0.382,1,25.89,477.1,0,0
26.06,8,0.3787,6,44.06,960.9,1,1
192.11,14,0.2882,2,11.56,624.1,0,0
62.01,18,0.2246,4,7.47,1370.1,0,0
36.74,8,0.091,3,10.23,677.7,0,0
130.88,9,0.253,2,8.74,1171.8,0,0
6.34,0,0.3392,2,44.54,706.4,0,0
7.3,14,0.1367,2,1.42,933.0,0,0
91.49,9,0.3632,4,52.08,1257.6,0,0
47.2,17,0.5043,0,11.42,276.4,0,0
56.0,22,0.4275,2,16.04,228.1,0,0
13.55,9,0.7205,2,8.31,296.7,0,0
43.78,16,0.2335,4,36.48,447.7,0,0
271.28,9,0.3053,2,0.13,1284.8,0,1
93.86,1,0.2366,1,6.32,1733.0,0,0
52.08,18,0.1081,1,17.51,732.1,0,0
30.11,13,0.1972,0,4.6,610.6,0,0
31.34,21,0.0384,1,12.2,909.8,0,0
6.58,14,0.4463,1,3.4,523.2,0,0
56.37,8,0.1861,5,21.2,884.2,0,0
95.67,13,0.3053,3,4.56,1260.2,0,0
10.83,9,0.1339,1,21.33,913.9,0,0
24.65,20,0.299,1,9.06,417.8,0,0
15.77,16,0.2694,1,66.21,719.2,0,0
18.75,11,0.3394,3,11.45,1833.8,0,0
46.91,14,0.1234,4,7.7,964.9,1,0
6.85,16,0.0842,0,0.47,583.0,1,0
77.7,18,0.4026,2,12.06,515.5,0,0
88.1,6,0.1085,1,103.25,573.8,1,1
35.66,2,0.3075,2,18.41,1105.7,1,0
4.79,7,0.4461,2,7.1,849.4,0,0
18.23,12,0.4883,0,25.62,440.0,0,0
135.59,13,0.3011,0,12.6,1224.7,0,0
3.67,8,0.1623,0,14.01,1805.7,0,0
32.7,12,0.4779,2,5.75,871.3,0,0
15.46,13,0.206,2,16.06,1338.4,0,0
92.21,7,0.0125,2,25.63,407.0,0,0
24.35,21,0.3346,3,3.19,694.7,0,0
64.3,15,0.3437,2,6.43,381.5,0,0
74.36,12,0.5183,3,30.22,1128.8,0,0
233.36,14,0.1202,2,34.5,763.1,0,0
37.24,11,0.2624,6,2.53,228.3,0,0
62.7,19,0.587,2,88.41,410.9,0,1
11.75,15,0.083,2,5.34,716.9,0,0
130.5,14,0.2005,3,11.94,299.2,0,0
22.55,20,0.3606,0,3.07,425.2,0,0
26.99,19,0.4572,2,6.02,1285.8,0,0
43.82,18,0.28,5,18.48,504.6,0,0
10.95,9,0.2997,3,8.47,865.6,0,0
54.92,8,0.2796,1,10.85,1192.7,0,0
106.77,16,0.5782,1,76.49,1086.9,0,1
58.19,13,0.2972,4,49.2,1570.1,0,0
10.7,16,0.4645,0,2.65,1238.4,0,0
39.99,18,0.2765,3,11.68,850.3,0,0
87.17,10,0.3275,1,2.64,322.9,1,1
8.25,10,0.0936,2,1.82,734.7,0,0
16.99,13,0.2907,3,5.04,1091.6,0,0
98.39,10,0.4887,1,12.33,464.8,0,0
57.0,16,0.1631,3,6.11,1295.1,0,0
64.77,17,0.5801,3,9.38,764.0,0,0
238.3,13,0.3375,1,6.96,1088.6,0,0
68.15,17,0.197,0,2.76,1085.0,0,0
80.81,14,0.3528,4,9.21,1111.0,0,0
512.69,17,0.3067,2,14.18,589.9,0,0
36.88,9,0.0761,0,1.4,1580.9,0,0
21.8,17,0.0906,1,2.41,1417.2,0,0
65.69,17,0.1646,2,9.98,812.3,0,0
66.36,10,0.0677,1,18.63,396.3,0,0
27.83,14,0.2446,1,10.39,603.4,0,0
17.65,19,0.2271,0,3.38,588.9,0,0
357.4,10,0.1692,1,23.78,310.4,0,0
59.99,17,0.2726,2,32.48,525.6,0,0
23.13,21,0.467,2,21.92,77.6,0,0
101.94,19,0.3738,1,26.28,989.8,0,0
40.52,12,0.3373,0,3.98,696.4,0,0
35.6,15,0.6226,2,2.15,1119.8,0,1
74.15,23,0.4682,2,7.62,646.4,0,0
13.98,15,0.4305,3,6.57,299.5,1,0
61.4,7,0.2574,3,7.24,386.8,0,0
250.05,4,0.6722,2,12.66,746.1,0,1
68.0,18,0.2441,0,1.58,742.7,0,0
31.86,12,0.2722,4,0.19,523.9,0,0
28.32,10,0.0295,4,30.68,512.1,0,0
30.9,11,0.3367,3,24.42,1148.7,0,0
35.57,17,0.1373,0,11.85,246.5,0,0
31.82,13,0.5651,1,35.03,898.1,0,0
101.97,20,0.2589,0,16.38,656.1,0,0
9.39,17,0.101,2,2.8,1146.8,0,0
97.11,22,0.2137,3,5.38,1883.8,0,0
31.76,20,0.5909,3,23.76,357.1,0,0
62.76,10,0.3887,1,17.27,1049.9,0,0
16.21,16,0.7826,3,43.77,1023.8,0,0
147.79,1,0.7753,1,4.89,479.6,0,1
137.15,23,0.2014,3,8.18,579.8,0,0
106.02,10,0.3719,1,0.09,682.3,0,0
11.44,16,0.085,1,3.32,1002.1,0,0
94.27,19,0.0213,2,4.01,794.1,0,0
64.35,8,0.3204,1,16.41,1452.2,0,0
10.54,19,0.1961,2,0.36,454.1,1,0
43.73,1,0.1064,2,34.44,734.6,0,0
62.06,13,0.1571,4,31.51,881.0,0,0
73.73,13,0.1629,0,14.72,635.5,0,0
52.43,12,0.2859,2,32.34,416.3,0,0
58.1,15,0.3182,2,2.33,1309.9,0,0
168.38,21,0.2738,0,9.84,862.5,0,0
134.75,11,0.4217,5,19.48,246.6,0,1
3.39,15,0.4748,1,5.72,538.7,0,0
33.59,20,0.2297,4,8.49,468.7,0,0
38.54,18,0.1421,1,25.91,1626.3,0,0
9.24,3,0.1347,1,20.73,662.8,0,0
48.66,21,0.1037,1,0.33,1482.8,0,0
137.54,4,0.0758,1,10.33,956.9,0,0
16.81,15,0.1101,0,27.84,929.4,0,0
60.51,15,0.0889,1,0.33,527.7,0,0
19.6,18,0.4491,2,69.32,658.1,0,0
24.42,8,0.2492,4,0.85,348.5,0,0
168.96,9,0.264,2,11.13,1221.4,0,0
27.43,17,0.1286,4,28.08,1227.4,0,0
67.76,8,0.0965,2,13.03,929.6,0,0
8.3,13,0.0505,2,31.14,791.7,0,0
238.91,17,0.1914,2,0.76,707.3,0,1
76.89,16,0.3076,1,8.73,1620.5,0,0
37.93,9,0.43,0,4.58,1321.1,0,0
75.04,11,0.112,3,4.37,864.8,0,0
12.57,22,0.1967,2,9.83,585.6,0,0
129.58,13,0.2119,4,12.45,555.0,0,0
33.4,4,0.3803,5,1.95,1556.3,0,0
37.2,9,0.4009,2,23.11,491.9,0,0
28.72,11,0.647,6,8.37,733.8,0,0
26.51,23,0.2116,1,7.67,1020.2,0,0
83.53,11,0.093,2,21.51,1173.1,0,0
56.28,2,0.2586,3,43.71,902.2,0,0
80.36,14,0.3211,2,21.25,806.0,0,0
44.35,6,0.6429,2,2.01,779.9,0,0
70.94,10,0.1874,6,4.45,687.0,1,1
30.66,23,0.6561,0,0.22,418.6,0,0
332.54,17,0.1892,0,11.2,1101.4,0,0
10.9,4,0.3184,2,15.44,593.0,0,0
139.05,13,0.4014,1,8.98,375.4,0,0
153.1,9,0.2058,2,9.79,442.0,0,0
20.76,7,0.0396,1,4.65,859.9,0,0
332.4,15,0.0984,3,6.79,1072.9,0,0
109.5,14,0.0454,2,29.28,844.5,0,0
107.13,17,0.0868,0,24.2,721.0,0,0
45.84,20,0.0712,0,26.26,753.9,0,0
36.76,10,0.3329,1,12.74,500.6,0,0
37.02,21,0.4606,0,74.29,1238.4,1,1
63.53,14,0.0815,0,30.59,446.6,0,0
157.76,10,0.3934,3,15.53,914.8,0,0
52.62,19,0.1218,0,10.25,1196.5,0,0
19.68,3,0.1038,1,10.35,875.1,0,0
93.88,14,0.3763,4,48.19,1033.6,0,1
102.42,17,0.564,2,30.28,525.7,0,1
80.58,10,0.1211,1,15.47,899.6,1,0
87.44,19,0.256,2,3.56,1160.7,0,0
35.03,10,0.0709,2,4.54,1105.4,0,0
19.37,19,0.3776,1,20.33,1167.3,0,0
20.46,6,0.1166,0,25.13,664.2,0,0
10.26,8,0.2989,0,26.21,1271.9,0,0
55.33,12,0.3277,1,27.89,825.8,0,0
41.47,19,0.0778,1,31.8,645.7,0,0
30.08,8,0.3086,0,28.18,1569.2,0,0
3.13,20,0.4995,3,2.82,251.6,0,0
14.55,9,0.1187,3,12.45,794.4,1,0
122.58,13,0.203,1,11.72,542.5,0,0
24.58,11,0.0523,2,24.35,1102.2,0,0
61.84,7,0.1949,4,61.64,519.5,0,0
12.79,21,0.3177,2,24.67,314.8,0,0
163.18,13,0.2011,3,40.25,623.0,0,0
39.27,16,0.3124,2,2.5,657.6,0,0
58.03,15,0.3084,0,16.22,572.4,0,0
362.56,14,0.1975,3,24.57,380.2,0,1
175.0,15,0.3376,2,0.5,717.5,0,0
33.92,20,0.2536,0,11.33,278.3,0,0
26.21,17,0.3235,1,15.71,716.9,0,0
33.35,14,0.1619,4,1.29,732.3,0,0
70.73,16,0.3834,1,34.5,1489.6,0,0
40.66,15,0.4705,2,17.07,857.5,0,0
31.32,13,0.1678,1,6.65,287.0,0,0
167.41,15,0.0459,2,7.34,967.2,0,0
40.33,13,0.1595,0,15.83,1603.9,0,0
354.12,17,0.2053,2,48.28,522.4,0,0
48.51,22,0.2955,1,16.96,733.8,0,0
222.91,22,0.166,3,8.75,661.7,0,0
61.66,18,0.5267,2,14.93,755.0,0,0
106.34,15,0.527,4,3.0,143.8,0,0
23.29,17,0.3551,2,25.52,742.3,0,0
20.73,9,0.4416,1,0.9,727.5,0,0
67.61,13,0.3584,4,8.91,551.8,0,0
108.82,10,0.1842,0,31.42,687.3,0,0
46.35,0,0.1657,4,14.39,795.2,0,0
14.04,22,0.2639,1,10.83,837.2,0,0
13.14,19,0.1431,1,27.84,906.6,0,0
12.37,14,0.3073,0,52.99,1347.0,0,0
9.11,10,0.2698,2,1.25,1030.3,1,0
49.33,17,0.1395,2,18.31,838.7,0,0
123.04,13,0.0881,3,9.78,650.9,1,1
44.16,18,0.2533,3,34.92,1946.6,0,0
5.85,23,0.1478,3,6.77,281.1,1,0
37.65,11,0.121,0,55.65,901.3,0,0
38.61,10,0.293,2,26.26,1123.7,1,1
294.83,10,0.1877,4,51.47,798.7,0,1
12.04,6,0.3661,1,5.31,535.0,1,0
31.45,12,0.0852,4,3.33,961.1,0,0
207.53,1,0.2817,2,6.47,440.4,0,0
67.02,7,0.155,2,37.39,1127.2,0,0
74.22,10,0.1112,1,24.7,417.0,0,0
49.56,8,0.1585,1,14.6,1415.2,0,0
60.16,17,0.1269,4,23.44,962.7,0,0
90.0,7,0.1588,1,58.01,817.8,0,0
21.57,19,0.5925,0,2.86,706.7,0,0
98.52,9,0.098,1,32.03,748.0,1,1
12.99,7,0.2648,5,5.63,467.4,0,0
60.07,0,0.3928,3,12.27,790.2,1,1
52.5,17,0.3599,1,4.96,623.1,0,0
25.67,10,0.07,4,4.74,595.0,0,0
43.8,14,0.2343,0,29.12,1884.7,0,0
25.53,7,0.0758,4,1.69,629.5,0,0
17.04,23,0.7243,2,31.25,676.1,0,1
32.52,7,0.3927,2,4.75,1240.1,0,0
16.55,12,0.1913,1,11.83,465.9,0,0
59.77,19,0.2578,3,10.64,1397.4,0,0
15.88,10,0.0662,2,4.33,664.1,0,0
84.84,10,0.5129,0,27.42,505.0,0,1
15.44,18,0.1857,0,2.48,277.3,0,0
26.85,10,0.2071,1,26.82,1312.7,0,0
25.48,0,0.093,2,53.83,576.2,0,0
147.32,12,0.5855,1,14.59,655.0,0,0
60.18,1,0.3769,2,4.38,660.5,0,1
36.95,20,0.3949,5,0.1,575.2,0,0
70.02,16,0.1967,4,17.6,958.7,0,0
6.71,15,0.2349,2,2.35,1164.6,0,0
43.0,9,0.3613,1,16.24,1939.5,0,0
269.82,17,0.4183,2,3.66,1454.5,0,0
50.36,16,0.1618,2,17.08,808.7,0,0
47.52,5,0.3758,5,6.65,1132.4,0,0
73.21,20,0.3119,3,15.97,1652.9,0,0
100.09,15,0.2882,0,4.82,1216.6,0,0
7.41,18,0.6125,2,24.0,831.0,0,0
9.83,10,0.0853,2,0.71,966.9,0,0
54.02,7,0.1265,2,18.93,1406.0,0,0
23.49,17,0.2859,2,25.25,235.0,0,0
145.59,18,0.2272,3,60.08,703.9,0,1
33.66,12,0.5495,0,7.0,198.4,0,0
7.84,2,0.4392,1,15.13,403.4,0,0
14.28,18,0.2464,1,1.23,153.3,0,0
3.76,9,0.2989,0,4.27,673.9,0,0
36.21,11,0.2237,1,7.96,1581.6,0,0
37.73,16,0.1289,3,1.57,1323.8,0,0
30.51,7,0.192,2,79.28,505.0,0,0
118.04,6,0.3058,0,4.94,963.0,0,0
131.46,2,0.2152,1,0.46,451.4,0,0
38.35,21,0.2599,2,14.6,810.7,0,0
6.55,11,0.5517,2,20.51,1484.9,1,1
77.91,16,0.0405,1,0.43,374.6,0,0
73.69,23,0.0154,3,7.34,891.7,0,0
59.05,16,0.3502,3,10.04,1113.5,0,0
108.13,14,0.4274,0,0.8,561.1,0,0
15.67,14,0.1131,2,25.41,887.7,0,0
272.57,12,0.2125,1,14.63,495.2,0,0
18.85,15,0.2445,3,37.65,832.9,0,0
87.73,22,0.1979,1,1.77,832.9,0,0
9.79,18,0.1226,3,8.95,342.2,0,0
19.35,12,0.2101,1,24.92,306.1,0,0
174.99,11,0.1838,4,30.01,276.8,0,0
35.35,20,0.5551,0,20.02,994.0,0,0
95.2,8,0.2995,3,36.45,912.5,0,1
55.33,19,0.2784,2,8.3,791.0,0,0
40.67,10,0.2585,1,5.01,684.3,0,0
152.55,17,0.106,0,9.5,1157.9,0,0
36.13,18,0.2385,3,52.99,642.3,0,0
9.0,13,0.143,3,18.4,520.1,0,0
21.7,9,0.379,1,32.93,397.4,0,0
73.41,19,0.3008,2,15.23,765.4,0,0
63.81,12,0.0991,3,6.0,852.5,0,0
10.91,11,0.4601,6,16.33,191.1,0,0
23.29,14,0.1475,0,10.95,744.9,0,0
26.48,13,0.2001,0,25.68,1084.1,0,0
32.17,16,0.4439,0,0.48,653.6,0,0
12.96,8,0.5208,0,4.06,2174.5,1,0
25.39,13,0.3911,3,35.38,767.3,0,0
23.2,20,0.5408,1,11.98,592.8,0,0
89.51,3,0.5157,1,2.63,622.1,1,1
92.59,13,0.4043,2,37.92,921.9,0,0
39.2,16,0.339,0,4.94,1925.4,0,0
31.41,20,0.3497,3,57.05,524.0,0,0
50.7,15,0.7694,0,5.24,1034.2,1,1
21.44,19,0.2805,2,21.49,891.8,0,0
15.92,9,0.1083,4,2.44,1506.8,0,0
19.18,11,0.1063,0,19.65,509.1,0,0
25.25,21,0.3448,1,16.43,967.3,0,0
15.69,20,0.4052,5,46.29,1233.9,0,0
51.72,14,0.0409,1,2.46,1025.7,0,0
86.21,13,0.3297,2,0.63,1168.1,0,0
10.71,13,0.2527,1,12.49,638.8,0,0
45.72,5,0.4779,1,14.43,864.5,0,0
36.67,20,0.449,2,7.44,1360.6,0,0
60.79,18,0.2137,0,37.53,312.1,0,0
44.18,13,0.1258,2,1.24,645.5,0,0
12.08,10,0.2265,1,16.9,489.2,0,0
14.35,11,0.2654,2,11.63,477.1,0,0
45.9,7,0.3496,3,25.63,903.8,0,0
112.83,17,0.2356,2,22.41,895.5,0,0
6.09,14,0.0742,0,3.41,660.2,0,0
61.02,10,0.3364,2,7.17,834.7,0,0
130.41,15,0.3342,2,37.95,742.6,0,1
38.95,23,0.4724,1,3.14,281.9,0,0
73.35,7,0.2562,2,46.99,393.9,0,0
23.74,13,0.4365,3,3.9,1036.0,0,0
40.15,13,0.3469,0,0.76,444.3,1,0
10.39,9,0.1398,2,14.67,654.5,0,0
5.42,14,0.0811,5,33.56,939.6,0,0
104.43,15,0.181,5,63.66,889.9,0,1
18.42,8,0.0886,1,13.25,541.8,0,0
29.67,8,0.2592,0,35.77,769.7,0,0
12.84,19,0.2992,1,7.76,641.5,0,0
12.57,11,0.2065,1,6.4,719.1,0,0
38.23,16,0.6526,3,43.03,1480.9,0,1
23.18,16,0.0929,2,33.57,963.7,0,0
62.81,19,0.2743,3,2.91,718.8,0,0
67.17,17,0.3461,4,71.13,779.9,0,1
59.67,19,0.0952,2,11.45,196.3,0,0
55.41,15,0.5204,1,33.8,2410.2,0,0
184.93,13,0.6906,2,9.99,1352.1,1,1
17.1,12,0.3994,4,5.17,619.4,0,0
42.54,12,0.0678,1,42.28,275.1,0,0
123.89,12,0.366,1,65.1,635.6,0,1
139.5,7,0.2516,5,13.89,1240.5,0,0
12.43,12,0.2879,0,6.04,1170.7,0,0
33.75,12,0.7079,2,41.77,763.4,0,1
151.76,3,0.226,3,28.98,1739.5,0,1
70.62,10,0.4344,1,0.65,690.1,0,0
53.29,17,0.0701,1,0.21,655.9,0,0
36.75,15,0.3723,2,17.38,937.0,0,0
31.64,18,0.0619,2,13.63,513.7,0,0
57.94,14,0.2107,2,25.47,579.8,0,0
35.62,19,0.4377,2,7.7,1045.8,0,0
43.02,18,0.4377,2,2.14,484.1,1,1
47.98,6,0.1556,3,42.23,936.8,0,0
24.28,22,0.2977,0,9.81,1197.8,0,0
72.16,1,0.3572,1,14.85,622.8,0,0
615.74,15,0.4442,4,20.79,683.8,0,1
9.03,18,0.2849,1,14.16,810.8,0,0
59.84,11,0.4392,1,23.81,483.4,0,0
22.55,15,0.5135,0,47.65,611.2,0,0
75.16,11,0.2408,5,6.7,330.3,0,0
46.61,5,0.2243,0,29.13,431.1,0,0
88.74,0,0.182,2,55.33,729.9,0,0
128.76,6,0.2202,3,8.62,904.5,0,0
53.15,6,0.2889,5,63.14,908.1,0,0
123.82,15,0.1861,2,10.64,542.3,0,0
5.42,14,0.4749,1,30.07,547.5,1,0
187.06,13,0.5217,4,11.53,585.5,0,1
62.65,16,0.3425,1,8.76,763.0,0,0
117.93,1,0.3882,3,22.46,429.4,0,0
14.91,10,0.0387,0,1.46,301.7,0,0
21.16,18,0.2973,2,4.44,822.8,0,0
50.98,20,0.1646,1,13.67,559.0,0,0
44.02,13,0.1897,3,43.69,910.9,0,0
57.67,6,0.4058,3,5.26,1781.0,0,0
118.64,18,0.4028,3,53.06,569.6,0,1
9.13,20,0.2707,2,12.93,946.6,0,0
107.39,12,0.3996,4,35.63,227.6,0,1
45.04,10,0.1281,2,13.15,625.0,0,0
37.21,4,0.5304,1,13.17,798.7,0,0
11.89,15,0.4835,2,17.57,203.3,1,0
70.3,20,0.2101,0,3.97,1402.7,1,0
5.09,16,0.1951,2,24.2,493.1,0,0
80.12,11,0.3646,2,13.8,1114.9,0,0
11.67,16,0.257,3,6.4,985.0,0,0
46.9,19,0.1162,2,1.77,1559.0,0,0
40.16,13,0.3131,0,27.96,229.6,0,0
128.07,18,0.118,2,5.76,861.7,0,0
38.06,12,0.2726,5,28.9,716.8,0,0
23.93,11,0.0718,2,14.31,192.2,0,0
28.33,15,0.426,2,7.51,686.6,0,0
140.55,13,0.2617,2,12.16,647.1,0,0
72.43,22,0.327,1,2.62,374.0,0,1
31.59,14,0.5278,5,6.11,663.4,1,1
36.13,12,0.4862,2,23.86,631.5,1,1
10.91,12,0.4111,1,57.55,571.6,0,0
63.41,14,0.0466,3,1.14,875.7,0,0
9.17,11,0.3822,0,0.88,1059.8,0,0
87.94,17,0.5709,3,69.46,496.6,0,1
50.19,12,0.1394,0,22.98,698.9,0,0
383.08,12,0.1369,1,51.04,1538.6,0,0
16.61,15,0.2754,3,36.87,694.8,0,0
40.76,5,0.1939,3,11.06,488.1,0,0
225.53,16,0.4974,6,41.21,405.8,0,1
130.61,14,0.116,0,3.91,962.0,0,0
23.89,13,0.1448,3,4.02,509.5,0,0
54.68,17,0.0483,4,3.03,457.6,0,0
44.78,18,0.2167,4,30.04,930.8,1,1
57.61,19,0.1219,3,7.71,343.4,0,0
23.84,12,0.1838,4,68.84,904.0,0,0
41.25,11,0.2684,4,43.2,417.2,0,0
10.61,17,0.6269,1,26.55,459.9,0,0
50.48,15,0.3252,7,13.41,337.8,0,1
67.02,16,0.2696,1,14.67,472.3,0,0
36.43,14,0.2881,0,26.44,1247.2,0,0
10.45,18,0.5021,1,1.01,2301.7,0,0
108.82,9,0.4432,5,7.91,667.9,0,0
62.06,14,0.5368,1,51.1,607.8,0,1
23.26,8,0.1788,4,29.26,1064.5,0,0
34.72,12,0.2083,1,20.3,911.7,0,0
11.58,16,0.146,1,3.79,1173.6,0,0
17.76,13,0.2156,5,13.99,868.7,1,1
27.55,12,0.1954,2,49.22,1253.3,0,0
135.04,20,0.3946,2,6.75,844.9,1,1
25.14,18,0.0728,0,33.65,1539.9,0,0
79.53,14,0.2807,2,60.26,1049.4,0,0
27.54,21,0.2656,3,7.5,1471.4,0,0
55.88,12,0.398,1,9.43,608.9,0,0
39.36,18,0.187,1,23.11,652.8,0,0
98.08,9,0.4502,4,14.2,816.6,0,1
27.62,10,0.2292,2,25.55,277.8,0,0
10.86,11,0.2018,4,17.08,840.1,1,1
12.89,7,0.1872,3,14.28,715.1,1,0
27.7,14,0.1088,1,12.91,752.0,1,0
14.52,9,0.0882,0,6.26,642.7,0,0
64.66,16,0.4448,4,7.57,813.6,0,0
29.39,9,0.1227,2,2.68,578.9,1,0
378.85,7,0.0731,3,10.05,1229.9,0,1
9.36,22,0.3052,4,33.14,1020.9,0,0
53.69,16,0.3606,0,3.8,819.1,0,0
16.2,21,0.1391,5,37.48,299.6,0,1
28.67,13,0.2643,1,3.42,276.4,0,0
50.77,3,0.2671,3,23.44,753.5,0,0
5.51,15,0.5413,2,0.89,441.0,0,0
55.32,14,0.3891,0,18.0,957.7,0,0
247.8,1,0.5747,3,31.42,200.3,0,1
29.72,19,0.1756,2,32.18,1666.4,1,0
56.48,15,0.4693,1,6.69,366.5,0,0
112.44,17,0.2718,2,23.19,1177.8,0,0
38.57,13,0.3249,1,44.5,628.7,0,0
26.5,15,0.0459,0,11.83,290.8,1,0
5.77,10,0.3303,3,17.19,654.0,0,0
79.59,22,0.1228,3,38.81,1396.5,0,0
40.37,12,0.0884,3,52.44,623.5,1,0
17.97,8,0.0921,2,29.89,1336.8,1,0
50.1,5,0.0979,1,32.49,726.9,0,0
26.43,16,0.3473,1,0.01,1010.3,0,0
27.78,23,0.4762,0,18.24,528.6,0,0
77.14,20,0.4829,2,2.31,214.2,0,0
13.4,17,0.1728,1,19.47,469.8,0,0
114.73,23,0.1848,0,5.95,381.1,0,0
12.71,17,0.1039,0,21.97,821.9,0,0
24.62,11,0.3586,3,43.95,928.1,0,0
252.31,15,0.2598,0,5.02,645.9,0,0
123.3,6,0.5231,1,25.74,502.9,0,1
48.81,9,0.309,2,3.34,1520.4,0,0
19.17,12,0.1238,3,0.08,728.9,0,0
27.76,9,0.6426,0,4.25,885.0,0,0
47.75,21,0.5079,2,2.43,574.9,0,0
46.24,23,0.4682,2,16.57,298.5,0,0
41.19,12,0.558,3,4.86,461.7,0,0
43.48,17,0.1008,3,20.88,702.7,0,0
36.86,12,0.4197,2,1.47,332.1,0,1
12.21,8,0.5452,3,33.43,961.1,0,0
28.08,11,0.2439,5,44.86,713.1,1,1
101.82,10,0.4067,2,13.61,671.8,0,0
13.05,11,0.1679,2,72.17,215.7,0,1
37.69,9,0.4431,1,16.64,699.6,0,0
21.37,7,0.5696,1,21.32,781.5,0,0
49.41,9,0.2235,0,2.12,429.6,0,0
31.51,20,0.1314,3,40.25,551.8,0,0
168.96,6,0.0969,1,22.04,773.7,0,0
70.52,11,0.372,4,10.56,449.5,0,0
13.73,14,0.1281,6,29.6,545.8,0,0
81.79,11,0.321,2,0.01,484.6,0,0
22.26,14,0.145,3,1.54,937.7,0,0
26.59,3,0.3984,1,5.49,1198.1,0,0
59.29,16,0.2839,2,12.99,783.9,0,0
28.72,15,0.2819,2,20.96,610.8,1,0
99.84,16,0.0391,1,20.74,1011.4,0,0
22.26,15,0.2325,0,0.65,292.8,0,0
25.61,13,0.3844,2,0.94,691.5,0,0
24.76,11,0.2111,1,40.51,1230.4,0,0
26.87,9,0.2388,2,4.3,509.2,1,1
120.21,14,0.093,2,44.18,882.5,1,1
78.72,2,0.3625,4,66.56,1046.3,0,0
208.29,11,0.2511,3,12.05,768.9,0,0
344.08,16,0.0668,2,9.32,454.4,0,0
17.68,7,0.2549,2,16.58,547.2,0,0
47.63,5,0.3306,4,4.51,944.6,0,0
15.51,16,0.2379,3,9.17,934.6,1,0
22.2,12,0.2236,3,14.58,742.3,0,0
25.35,18,0.3191,0,6.87,243.7,0,0
17.26,21,0.1783,2,7.5,351.5,0,0
17.34,22,0.3071,0,17.59,680.5,0,0
39.26,12,0.5275,6,4.21,497.5,1,1
14.95,10,0.3464,2,0.2,393.6,1,0
95.38,15,0.1814,2,7.18,2612.5,0,0
19.57,16,0.2518,2,0.52,287.5,0,0
560.38,15,0.2393,3,6.79,396.4,1,1
29.78,11,0.3153,3,29.34,1873.0,1,0
47.69,5,0.0924,1,26.5,808.5,0,0
13.93,9,0.1397,1,3.56,939.2,0,0
207.57,8,0.2357,4,19.9,629.3,0,0
122.43,7,0.5791,3,8.16,1126.0,0,0
58.39,21,0.2052,1,7.41,898.0,0,0
13.3,1,0.5807,1,1.84,772.4,0,0
54.03,15,0.2594,3,27.28,780.6,0,0
16.29,21,0.0845,2,14.85,472.8,0,0
166.69,11,0.3086,3,27.88,457.5,0,0
92.6,14,0.3537,1,50.63,800.4,0,0
48.71,17,0.3238,3,7.15,1064.0,0,0
4.99,11,0.2045,5,8.63,1262.5,0,0
18.45,13,0.1934,0,1.08,981.5,0,0
83.01,18,0.2719,1,4.31,1333.8,0,0
133.17,17,0.0458,1,4.92,1230.3,0,0
121.3,18,0.1385,0,109.35,659.0,0,1
10.67,23,0.5022,2,2.01,1489.1,0,0
58.64,12,0.2533,2,3.43,722.9,0,0
111.49,17,0.3224,1,3.58,698.6,1,1
10.05,15,0.2263,4,15.27,942.3,1,1
44.38,16,0.0428,1,1.75,1261.1,0,0
57.19,17,0.169,4,6.9,515.0,0,0
34.1,17,0.4901,6,10.53,721.1,0,1
8.44,20,0.0636,0,23.48,655.9,0,0
33.34,11,0.7107,1,7.76,431.7,0,0
33.3,16,0.4331,2,59.97,514.2,0,1
39.12,10,0.3248,6,2.3,442.6,0,0
26.92,15,0.3735,1,0.91,919.7,1,0
30.0,17,0.2451,1,0.95,640.3,0,0
43.13,18,0.529,1,14.88,588.3,0,0
66.57,12,0.4147,2,0.89,868.4,0,0
33.99,14,0.0493,5,10.77,879.7,0,0
30.92,11,0.2019,0,7.98,1230.8,0,0
48.58,9,0.243,2,23.16,236.6,0,0
7.93,10,0.2292,2,10.22,1111.9,0,0
68.67,21,0.4831,4,10.23,418.4,0,0
44.68,11,0.1406,1,13.77,837.9,0,0
46.33,22,0.1287,1,65.52,401.3,0,0
106.13,10,0.5328,0,35.81,975.5,0,0
7.71,17,0.1301,1,27.76,534.9,0,0
7.57,15,0.2286,1,30.06,904.7,0,0
57.19,17,0.1108,1,4.76,491.3,0,0
44.42,16,0.3624,0,31.72,280.3,0,0
52.1,17,0.3254,3,13.25,499.6,0,0
29.49,20,0.1625,1,35.7,880.2,1,0
81.28,15,0.2037,4,6.83,632.5,0,0
103.48,6,0.2153,3,39.3,1031.1,0,1
69.1,10,0.2187,2,10.21,677.9,0,0
35.35,17,0.396,0,4.63,817.4,0,0
6.71,13,0.1134,2,9.62,311.7,0,0
89.33,14,0.3213,2,23.68,881.9,0,0
134.23,15,0.0198,0,5.16,1087.5,0,0
79.85,12,0.3835,1,6.24,235.2,0,0
20.25,18,0.25,2,40.47,359.2,0,0
81.98,17,0.0654,1,9.63,1602.0,0,0
96.98,17,0.2154,1,84.06,801.1,1,1
181.8,17,0.1999,3,5.26,638.9,0,1
20.32,20,0.2891,4,1.92,597.0,0,0
36.46,15,0.0221,2,5.07,149.5,1,0
87.58,22,0.5013,3,14.97,967.9,0,0
47.07,7,0.1561,2,19.99,619.2,0,0
16.35,16,0.0732,3,1.21,741.4,0,0
64.92,17,0.1905,1,25.84,1093.5,0,0
75.25,13,0.1982,1,0.87,674.8,0,1
48.38,10,0.1427,4,33.5,1193.9,0,1
54.47,14,0.1404,2,5.26,284.6,0,0
35.42,12,0.0435,2,1.51,855.3,0,0
169.09,20,0.3344,3,8.67,543.9,0,0
19.87,11,0.0614,3,8.33,872.8,0,0
26.35,9,0.1872,2,111.57,633.6,0,1
45.15,15,0.4534,3,7.18,1234.5,0,0
98.6,12,0.1315,2,3.91,999.1,0,0
11.62,6,0.3115,2,41.31,554.0,0,0
13.75,15,0.1775,3,4.62,530.6,0,0
7.14,14,0.3499,1,62.04,849.5,0,0
46.04,9,0.352,3,66.47,656.0,0,1
16.34,15,0.3647,2,9.58,790.4,0,0
31.62,15,0.4787,1,7.6,929.6,0,0
81.06,18,0.1301,3,21.23,1107.2,0,0
25.09,11,0.213,5,30.39,608.3,0,0
55.05,10,0.3369,0,8.64,453.8,1,0
34.14,21,0.0717,4,28.38,1241.8,0,0
81.85,15,0.2048,2,27.19,1092.6,0,0
68.55,2,0.1378,0,14.43,880.2,0,0
23.98,18,0.6512,3,4.8,959.6,0,0
38.41,9,0.6846,3,4.3,696.1,1,1
114.36,18,0.0965,2,8.07,945.0,0,0
63.69,17,0.4035,1,20.45,1343.7,0,0
12.71,22,0.192,4,31.44,423.7,0,0
80.64,22,0.5091,4,21.38,479.5,0,1
16.84,10,0.3058,1,44.14,1001.6,0,0
159.38,18,0.28,1,44.73,205.7,1,1
112.36,11,0.2295,1,0.59,1382.9,0,0
58.03,16,0.1381,0,0.06,1518.4,0,0
51.5,15,0.2899,2,5.16,455.8,0,0
37.04,4,0.4764,5,23.06,459.4,0,0
82.32,0,0.2125,2,53.25,141.5,0,0
32.02,5,0.3664,0,28.47,453.6,0,0
55.26,7,0.529,2,26.92,717.3,0,1
97.98,10,0.5737,0,48.3,270.9,0,0
26.96,20,0.2679,2,2.19,1148.2,0,0
25.67,14,0.1018,1,5.77,1107.9,0,0
15.26,18,0.5801,2,41.22,807.4,0,0
17.15,19,0.313,0,7.03,540.2,0,0
8.62,17,0.205,4,65.79,502.5,0,0
86.22,12,0.1807,2,23.71,975.9,0,0
227.7,19,0.0477,2,24.31,1270.6,0,0
161.22,17,0.3818,1,48.38,538.1,0,0
10.35,17,0.1543,5,29.59,1289.1,0,0
85.83,20,0.1972,2,26.78,889.0,0,0
160.76,15,0.2532,0,48.83,1306.3,0,0
29.63,14,0.5871,2,7.98,608.1,0,0
48.97,20,0.3811,1,46.95,362.8,0,1
7.34,13,0.3825,2,1.92,1307.0,0,0
56.83,18,0.3942,1,6.18,514.5,0,0
17.16,4,0.2669,3,14.85,1161.6,0,0
53.5,0,0.1055,1,17.33,207.0,0,0
10.97,14,0.1649,2,26.26,737.8,0,0
72.86,6,0.4644,1,24.6,893.7,0,1
112.4,22,0.2784,2,15.9,802.1,0,0
22.09,0,0.1732,5,41.01,810.2,0,1
16.07,17,0.6108,2,1.76,686.2,0,0
6.42,10,0.3943,3,44.57,657.8,0,0
35.17,22,0.3539,4,1.93,852.4,0,0
26.48,12,0.2965,4,6.36,1251.8,0,0
11.07,2,0.1936,0,45.43,513.1,0,0
67.2,2,0.2967,1,8.08,997.7,0,0
29.82,14,0.2325,2,19.89,369.1,1,0
16.98,23,0.234,2,3.17,926.9,0,0
27.14,23,0.05,1,63.94,566.6,0,0
117.23,11,0.4586,1,4.72,470.7,0,1
76.91,13,0.3388,2,4.02,843.5,0,0
39.76,7,0.3134,4,5.25,1350.6,0,0
78.04,14,0.3579,3,56.08,434.7,0,1
15.72,15,0.6039,1,1.34,388.8,0,0
46.02,10,0.2268,1,11.83,733.4,0,0
51.04,15,0.1174,0,57.89,481.1,0,0
29.29,20,0.4514,0,7.52,745.8,0,0
66.15,0,0.266,2,43.5,604.2,0,0
22.14,9,0.2704,3,1.5,391.7,0,0
70.73,9,0.0625,2,5.73,516.9,0,0
73.45,7,0.388,2,5.75,1168.8,0,0
3.24,9,0.2077,1,43.75,640.8,0,0
130.49,15,0.4576,2,21.82,718.3,0,0
2.88,7,0.2398,2,37.81,471.0,0,0
25.68,17,0.3145,0,16.02,840.7,0,0
112.48,20,0.1055,2,19.59,1019.3,0,0
33.6,21,0.1535,4,21.81,775.3,0,0
11.95,16,0.4848,1,14.22,625.8,0,0
16.7,9,0.2714,3,43.6,1106.9,0,0
112.64,6,0.3944,2,25.09,731.0,0,0
7.93,10,0.0631,1,34.44,1237.2,0,0
123.48,22,0.251,2,1.27,954.1,0,0
42.54,22,0.2573,4,0.48,618.1,0,0
15.28,12,0.1369,0,16.27,318.1,0,0
26.45,11,0.1787,2,32.58,966.7,0,0
17.89,14,0.1108,2,5.25,1240.8,0,0
97.48,10,0.2532,2,1.65,426.7,0,0
86.42,23,0.2525,2,21.51,696.0,0,0
9.51,9,0.2238,0,24.41,961.3,0,0
31.09,12,0.2884,5,0.55,620.7,0,0
20.56,13,0.1451,1,13.84,736.3,1,0
143.19,7,0.3572,1,4.72,1472.0,0,0
13.26,12,0.2008,2,4.98,834.7,0,0
189.39,19,0.1642,6,48.02,481.2,0,1
43.38,8,0.3112,5,34.61,730.4,0,0
15.71,15,0.2802,0,24.32,736.6,0,0
24.3,12,0.4506,4,0.77,430.5,0,0
21.73,9,0.255,2,3.44,1746.7,0,0
14.19,1,0.2141,3,4.65,179.6,0,0
48.68,10,0.0819,3,12.98,320.5,0,0
14.8,5,0.1914,1,59.22,424.8,0,0
6.28,12,0.4839,2,19.71,322.2,0,0
31.76,18,0.275,1,23.94,259.9,0,0
8.82,17,0.2883,0,0.49,1473.5,0,0
22.72,21,0.3348,1,7.13,990.9,0,0
19.72,12,0.2489,2,47.93,1131.1,0,0
20.41,17,0.3027,2,76.29,599.8,0,0
270.66,16,0.0687,1,3.16,1269.0,0,0
47.03,9,0.1506,4,11.17,966.9,0,1
55.75,11,0.2015,1,6.47,586.5,0,0
9.04,14,0.5756,5,19.56,916.3,0,1
24.81,18,0.2146,1,9.16,343.1,0,0
54.26,13,0.1817,2,9.72,848.1,0,0
17.78,9,0.2481,1,22.87,664.9,0,0
101.22,23,0.2869,1,8.42,1464.9,0,0
15.14,7,0.3763,5,12.6,1173.0,0,0
34.55,21,0.1917,1,2.5,339.6,0,0
26.38,18,0.2384,1,7.51,449.6,1,0
51.83,19,0.0857,2,43.63,1784.6,0,0
25.12,18,0.2795,3,0.26,598.4,0,0
35.03,9,0.2819,4,57.24,334.9,0,0
36.14,16,0.1519,1,14.15,1014.7,0,0
23.08,17,0.223,3,11.8,1360.4,0,0
69.17,17,0.5197,0,11.42,651.1,0,1
55.4,10,0.1297,3,24.35,900.7,0,0
41.27,9,0.3688,1,29.45,699.1,0,0
30.34,11,0.3035,1,1.23,1021.3,0,0
91.55,13,0.5635,1,59.45,480.2,0,0
36.15,15,0.2867,2,3.63,816.1,0,0
33.92,19,0.0807,2,0.42,1158.0,0,0
49.12,18,0.4789,0,4.3,587.3,1,0
205.8,16,0.3384,1,0.23,1116.1,0,1
13.38,10,0.4406,0,12.16,996.5,0,0
89.38,13,0.202,0,49.07,386.7,1,0
8.13,11,0.1542,3,60.39,489.2,0,0
54.36,10,0.6439,4,14.37,1057.7,0,0
184.49,0,0.2615,2,76.24,486.2,0,0
69.39,11,0.7877,2,19.83,183.2,0,1
52.12,10,0.2069,0,0.86,784.3,0,0
26.99,15,0.3815,4,18.62,755.4,0,0
45.97,5,0.3061,1,18.59,1030.1,0,0
35.63,10,0.2598,3,23.59,1310.3,0,1
22.03,4,0.1494,2,0.92,757.8,0,0
34.44,16,0.1377,1,0.45,859.1,1,0
53.44,15,0.4029,2,27.46,325.2,0,0
22.41,11,0.5157,3,46.88,606.3,0,0
21.64,8,0.2769,5,7.4,2018.8,0,0
13.14,22,0.3237,2,0.43,949.8,0,0
63.54,15,0.4631,1,9.35,1335.7,0,0
73.02,16,0.1478,3,15.96,603.6,0,0
55.06,14,0.6461,1,3.03,556.7,0,0
106.55,18,0.5706,2,58.57,548.7,0,0
48.38,20,0.5173,1,10.21,1140.7,0,0
63.61,12,0.0835,4,10.62,663.0,0,0
58.76,16,0.2581,3,12.95,319.3,1,1
41.17,9,0.234,2,7.71,693.1,0,0
27.72,16,0.0407,2,14.96,563.7,0,0
327.91,12,0.0623,0,25.47,1175.2,0,0
29.76,0,0.1216,1,3.58,1732.3,0,0
24.55,21,0.2131,2,41.68,324.9,0,0
66.06,20,0.2038,2,16.17,965.4,0,0
56.07,10,0.5379,2,36.66,1257.4,0,0
12.63,23,0.0246,3,24.29,1058.1,1,0
122.78,11,0.492,1,7.32,560.0,0,0
41.07,13,0.0898,2,10.24,629.1,0,0
16.45,19,0.1678,0,7.95,744.3,0,0
130.31,11,0.4126,1,4.05,511.5,0,0
78.5,13,0.1437,1,41.37,820.6,0,0
14.32,16,0.1104,1,1.5,1380.1,0,0
221.29,7,0.1453,2,73.67,958.9,0,1
80.88,12,0.2102,2,65.75,277.7,1,1
44.29,11,0.3495,2,44.01,700.6,0,0
187.02,16,0.4503,3,2.01,1644.3,0,0
51.59,8,0.1306,3,19.12,478.3,1,1
43.59,10,0.4558,2,2.72,1056.7,0,1
24.67,17,0.3156,1,3.96,388.1,0,0
75.46,8,0.0646,1,4.07,954.6,0,0
68.64,12,0.2483,4,23.42,629.4,0,0
45.3,17,0.4395,4,0.21,1466.8,0,0
21.96,18,0.3436,4,7.7,1462.3,0,0
50.25,6,0.4398,2,0.91,331.7,0,0
41.98,19,0.2978,0,7.84,690.2,0,0
13.46,17,0.5547,6,5.92,596.9,0,0
11.89,11,0.1745,0,13.08,1042.4,0,0
74.34,18,0.317,0,34.45,2076.1,0,0
4.3,17,0.3936,6,14.82,669.6,0,0
53.78,15,0.5664,3,25.01,1387.9,0,0
29.07,14,0.1711,3,13.58,645.0,0,0
145.1,17,0.112,2,14.58,797.0,0,0
28.67,23,0.3401,2,8.16,675.7,0,0
80.93,15,0.0934,2,20.94,1045.9,0,0
31.27,18,0.0448,0,13.07,1513.3,0,0
49.52,17,0.1824,4,0.01,1154.1,0,0
86.76,19,0.4053,2,1.9,620.9,0,0
29.48,21,0.0855,3,1.61,384.8,0,0
109.61,9,0.2101,3,4.1,510.2,1,0
18.28,9,0.1884,2,36.79,1329.5,0,0
58.27,15,0.7869,4,21.01,811.2,0,1
102.55,13,0.0677,2,30.23,852.3,0,0
80.97,15,0.6711,1,46.47,1121.1,0,1
250.84,18,0.222,3,57.3,753.0,0,1
22.49,21,0.1739,2,13.57,1194.4,0,0
12.92,12,0.2812,4,12.94,679.2,0,0
18.27,17,0.6299,2,2.07,605.6,0,0
81.0,9,0.2524,1,17.42,411.4,0,0
69.97,14,0.4648,3,9.92,209.4,0,0
49.01,1,0.0597,1,1.47,820.4,0,0
16.27,14,0.0491,5,27.91,1085.3,0,0
89.14,14,0.4502,0,2.05,1081.5,0,0
14.85,17,0.177,5,62.48,1355.3,0,0
126.86,16,0.2546,2,3.11,725.6,0,0
585.05,11,0.6466,3,20.5,1345.3,0,1
62.17,0,0.2126,3,3.8,772.4,0,0
75.55,7,0.4275,4,23.06,407.7,0,1
28.69,22,0.178,3,48.09,943.4,0,0
8.77,21,0.2876,1,28.51,422.3,0,0
25.99,11,0.0625,2,7.95,725.2,0,0
16.72,10,0.4915,3,13.81,1236.7,0,0
12.15,13,0.4826,1,1.1,160.0,0,0
210.63,16,0.494,2,1.12,260.4,0,0
57.14,11,0.0677,1,12.88,792.6,0,0
62.91,6,0.4121,1,14.46,518.4,0,0
33.85,12,0.4448,2,4.95,1240.1,0,0
38.26,10,0.1206,3,7.03,1581.8,0,0
106.49,11,0.3586,2,0.44,653.0,0,0
43.42,8,0.3672,0,8.44,1019.0,0,0
72.07,16,0.0169,0,51.82,334.4,0,0
37.47,14,0.1726,4,9.61,872.1,0,0
32.85,10,0.2539,2,7.34,443.7,0,0
12.6,14,0.1166,4,17.94,474.5,0,0
7.54,13,0.0496,3,13.61,699.5,0,0
35.33,18,0.3067,5,2.42,477.8,0,0
47.03,21,0.0678,2,4.94,890.5,0,0
14.05,7,0.1943,3,4.55,754.5,0,0
43.34,20,0.6575,2,13.78,537.7,0,0
46.92,17,0.0503,4,2.5,515.6,0,0
6.42,17,0.3681,1,9.15,964.1,0,0
19.62,12,0.1796,4,7.79,1077.4,0,0
64.49,11,0.1556,2,28.42,791.7,0,0
63.33,0,0.337,0,2.7,1035.3,0,0
15.83,23,0.1636,2,44.59,416.6,0,0
51.55,15,0.2855,3,28.35,451.7,0,0
112.19,12,0.507,1,12.64,548.8,0,0
89.96,14,0.6113,3,38.15,397.5,0,1
41.03,3,0.3586,1,41.54,171.1,0,0
29.34,9,0.3383,0,28.01,662.5,0,0
25.37,15,0.2222,1,9.51,499.0,0,0
68.1,14,0.1801,2,7.05,605.6,0,0
53.28,18,0.1548,1,31.71,471.9,1,0
78.76,16,0.1127,3,6.15,589.7,0,0
50.33,15,0.2292,2,2.08,751.3,0,0
93.4,18,0.0935,3,0.33,1011.6,0,0
48.67,6,0.2586,1,2.41,1300.6,0,0
90.58,16,0.2708,2,11.01,646.6,0,0
97.88,17,0.1244,3,0.52,494.1,0,0
21.67,10,0.1849,2,2.43,276.8,0,0
8.78,9,0.1533,2,10.1,1857.0,0,0
179.31,9,0.3119,2,14.06,1066.3,0,0
56.32,9,0.4159,1,8.02,808.3,0,0
9.55,14,0.1844,0,8.89,347.8,0,0
23.51,8,0.2368,0,14.82,189.3,0,0
89.54,16,0.3182,1,6.31,270.3,0,0
34.75,7,0.0663,0,16.47,559.5,1,0
28.2,2,0.3722,3,37.83,506.9,0,0
157.72,11,0.1055,3,3.08,486.4,0,0
17.42,9,0.0616,1,1.97,525.3,0,0
21.79,23,0.2369,2,22.09,1151.5,0,0
54.07,11,0.4973,4,8.48,346.1,0,0
63.52,9,0.2303,2,7.12,259.0,0,0
69.88,9,0.1949,2,8.85,406.4,0,1
101.51,12,0.4751,1,25.92,414.6,0,1
53.45,15,0.1665,3,8.17,551.4,0,0
69.44,18,0.1566,3,36.74,274.7,0,0
35.4,12,0.1049,2,14.04,930.7,0,0
47.3,15,0.3539,4,2.87,491.1,0,0
49.24,13,0.5056,1,16.66,668.6,0,0
54.25,19,0.6586,6,5.61,732.1,0,1
89.59,15,0.2742,1,24.79,602.1,0,0
73.67,10,0.1177,3,8.26,142.8,0,0
46.52,17,0.2949,0,7.07,1075.5,0,0
21.58,18,0.1527,1,23.01,1282.4,0,0
47.51,13,0.5306,3,4.29,365.8,0,0
43.59,23,0.2084,0,3.99,478.6,0,0
53.19,20,0.2349,1,11.76,428.5,0,0
325.67,9,0.4133,2,4.7,318.4,0,1
27.9,18,0.251,2,11.54,992.2,1,0
65.37,15,0.5217,1,44.78,889.4,0,0
116.93,14,0.248,2,9.18,486.8,0,0
48.82,14,0.5148,3,19.96,476.6,0,0
366.52,19,0.3275,3,21.75,796.9,0,1
31.81,15,0.3678,3,4.02,623.7,0,1
59.84,14,0.6821,2,0.2,804.7,0,0
21.78,4,0.0726,0,6.42,528.6,0,0
32.58,13,0.1353,1,15.45,764.6,0,0
55.93,20,0.2161,0,9.92,1101.7,1,0
95.74,17,0.339,2,8.31,670.6,0,0
59.57,4,0.3367,2,3.71,1445.8,0,0
138.82,20,0.0509,6,10.05,813.5,0,0
41.04,19,0.1438,1,26.67,206.6,1,0
33.15,14,0.3107,2,7.25,641.9,0,0
509.58,2,0.4039,1,54.5,956.1,0,1
63.74,15,0.4038,2,19.03,860.0,0,0
23.39,4,0.1662,0,3.63,947.7,0,0
23.93,11,0.07,0,14.68,751.9,0,0
19.14,16,0.321,4,53.42,1409.0,0,0
103.85,21,0.16,1,1.71,1009.1,0,0
32.2,11,0.3762,3,16.91,721.5,0,0
50.13,19,0.0661,2,22.04,814.8,0,0
42.22,21,0.6032,0,3.37,1774.8,0,0
86.34,1,0.086,1,41.08,1349.8,0,0
20.86,10,0.1891,1,0.02,632.9,0,0
16.98,17,0.1111,5,59.35,824.5,0,1
54.7,17,0.4256,3,25.24,1402.5,0,0
76.77,12,0.277,0,17.28,405.6,0,0
60.3,16,0.1863,1,1.33,566.7,0,0
21.57,15,0.2649,2,5.83,1137.7,0,0
82.25,17,0.2229,2,21.2,467.6,0,0
22.89,17,0.2124,1,10.93,629.4,1,0
27.96,6,0.1463,2,2.32,801.0,0,0
19.11,8,0.4456,0,20.88,1058.2,0,0
144.18,8,0.0719,1,3.75,344.0,0,0
79.05,21,0.2798,3,26.12,1095.0,1,1
77.05,21,0.0942,0,35.85,764.0,0,0
137.34,18,0.7196,6,12.48,790.5,0,1
561.93,7,0.2492,6,3.79,281.7,0,0
9.6,15,0.3594,2,14.57,697.2,1,0
23.0,9,0.0718,3,37.81,373.0,0,0
25.67,12,0.0726,1,0.53,1470.1,0,0
20.79,10,0.3381,5,2.53,603.9,0,0
16.95,19,0.1465,2,22.12,1310.8,0,0
34.13,8,0.3949,1,24.68,780.5,0,0
14.96,16,0.2223,2,30.5,1321.4,0,0
60.43,23,0.0949,1,6.23,224.9,0,0
46.83,16,0.4035,2,51.62,452.2,0,1
68.92,6,0.4493,4,21.3,1273.7,0,0
70.59,20,0.3643,2,2.52,1619.0,1,1
76.92,16,0.409,2,2.82,648.0,0,0
31.94,13,0.1627,1,17.36,534.2,0,0
301.58,16,0.1167,1,4.68,330.2,0,0
55.2,20,0.1344,4,67.89,258.4,0,0
8.36,13,0.1989,3,38.24,245.1,0,0
18.14,14,0.537,3,20.9,728.1,0,0
9.33,13,0.2716,4,7.07,705.1,0,0
45.4,6,0.3587,2,4.8,371.8,0,0
40.06,18,0.35,0,56.79,492.0,1,0
29.32,7,0.0686,2,6.35,610.8,0,0
273.1,12,0.3148,0,19.98,216.8,0,0
73.27,12,0.0477,0,21.63,800.8,0,0
85.93,10,0.3015,0,14.86,852.9,0,0
19.34,12,0.3582,3,10.08,960.5,0,0
18.19,15,0.1729,6,2.5,916.5,0,0
46.21,11,0.0515,3,42.49,670.8,0,0
52.23,9,0.1691,1,4.79,1462.1,0,0
8.41,20,0.3834,2,38.52,547.2,0,0
38.01,22,0.1796,2,24.11,907.2,0,0
45.27,13,0.0118,3,16.91,359.5,0,0
36.83,11,0.2845,2,22.82,354.0,0,0
21.5,4,0.4177,4,40.68,364.2,0,0
27.51,3,0.1029,1,45.14,872.2,1,0
38.12,12,0.4489,1,10.64,420.0,0,0
48.51,21,0.2004,2,52.38,867.0,0,0
77.04,17,0.5301,2,24.17,891.3,0,0
118.25,11,0.4117,5,15.15,1538.4,0,0
34.3,22,0.3751,3,36.18,345.6,0,1
29.65,13,0.2524,4,2.86,314.0,0,0
66.28,10,0.2645,2,45.1,747.9,0,0
77.46,12,0.3294,1,3.48,1255.0,0,0
30.24,9,0.2652,2,50.82,729.2,0,0
91.05,20,0.1447,4,9.1,2354.5,0,0
107.95,11,0.4037,3,6.29,857.7,0,0
142.95,16,0.4546,1,6.81,826.1,0,0
221.51,12,0.0541,2,11.84,608.4,0,0
20.5,20,0.2863,2,7.39,925.8,0,0
45.26,16,0.424,5,78.92,1234.5,0,1
45.16,13,0.3544,3,108.19,782.3,0,1
40.92,8,0.2963,0,4.04,1174.7,0,0
24.92,20,0.3368,2,21.48,777.8,0,0
11.74,14,0.1429,1,31.27,330.3,0,0
48.59,10,0.7302,1,13.23,290.6,1,1
22.39,20,0.092,1,28.2,1019.6,0,0
48.3,4,0.1607,0,22.17,793.5,0,0
21.88,11,0.3411,1,16.48,1212.8,0,0
16.62,14,0.2598,0,29.81,1038.5,0,0
55.19,11,0.6183,0,15.39,289.5,0,0
51.2,13,0.1467,1,6.67,558.5,1,0
75.29,10,0.1641,2,6.47,428.1,0,1
319.67,7,0.1162,2,0.72,713.0,0,0
57.37,3,0.5235,0,37.16,678.8,0,0
69.17,8,0.1258,1,23.19,271.9,0,0
16.95,21,0.4931,1,11.17,529.5,0,0
14.04,15,0.3858,1,21.63,530.7,0,0
185.78,13,0.2137,2,23.05,894.4,0,0
19.47,12,0.1974,1,5.29,695.5,0,0
17.47,17,0.266,0,21.71,488.0,0,0
43.16,8,0.3666,2,49.6,446.1,1,1
41.22,10,0.4619,3,67.24,268.1,0,1
19.84,16,0.4445,5,6.7,1017.8,0,0
33.97,13,0.1584,3,19.67,1031.7,0,0
135.16,18,0.5837,6,20.08,1269.8,0,1
21.64,20,0.2124,2,2.72,513.3,0,0
12.75,18,0.4482,3,47.58,1460.8,0,0
104.41,9,0.2175,1,11.0,1026.7,0,0
69.62,6,0.3889,4,14.36,1092.7,0,0
25.57,9,0.5666,3,8.75,587.6,0,0
10.76,18,0.3591,3,3.68,566.3,0,0
22.87,21,0.6154,2,20.15,963.3,1,1
42.55,21,0.0825,3,18.02,1292.0,0,0
127.63,11,0.2236,1,35.92,1463.7,0,0
17.59,19,0.1916,1,29.84,1361.6,0,0
41.43,14,0.4909,2,65.56,884.1,0,0
82.07,18,0.3432,0,66.35,359.2,0,0
5.24,14,0.1968,1,8.64,113.1,0,0
113.34,8,0.227,1,24.42,1067.9,0,0
15.42,6,0.6815,4,12.14,444.7,1,1
60.27,22,0.1978,2,22.05,1710.9,0,0
55.81,12,0.2648,3,47.26,1337.3,1,1
118.64,11,0.0707,4,13.28,727.1,0,0
73.39,11,0.5145,2,39.53,767.8,0,0
5.26,12,0.3029,0,46.1,973.1,0,0
22.06,21,0.2073,1,7.25,755.2,0,0
50.62,5,0.1648,2,0.26,1005.1,1,0
37.51,7,0.2667,4,45.0,719.7,0,0
68.71,18,0.3258,2,25.66,563.7,0,0
90.96,14,0.0246,3,6.85,446.2,0,0
77.29,7,0.2111,1,12.68,580.9,0,1
36.86,3,0.3441,2,2.27,803.6,0,0
8.48,9,0.3324,3,35.14,425.6,0,0
29.67,10,0.3473,3,35.84,1143.6,0,0
65.02,1,0.4586,3,14.47,806.5,0,1
16.75,9,0.2749,2,2.45,640.2,0,0
78.9,17,0.0596,1,23.15,415.0,0,0
101.25,19,0.4177,1,16.65,1198.4,0,0
50.11,20,0.1264,0,12.07,1430.2,0,0
2.84,12,0.3557,2,3.69,166.4,0,0
14.15,11,0.126,2,1.17,774.0,0,0
244.1,23,0.3024,1,21.67,1305.8,0,0
27.33,18,0.2437,2,8.6,978.5,0,0
7.5,14,0.5032,5,12.01,292.0,0,0
135.87,10,0.2167,4,8.06,619.6,1,1
45.24,11,0.3572,2,9.04,388.2,1,1
120.84,14,0.6628,3,85.12,422.2,0,1
57.36,14,0.4099,2,5.27,737.8,0,0
67.54,1,0.1542,0,32.0,919.9,0,0
61.97,22,0.1182,2,11.71,525.9,0,0
83.74,15,0.2216,0,25.62,701.8,0,0
347.13,15,0.5425,1,4.3,919.0,0,0
107.12,9,0.1116,2,11.64,297.1,0,0
10.78,18,0.1845,0,2.34,419.3,0,0
66.82,17,0.4136,4,18.31,460.3,0,0
124.88,6,0.1626,3,0.82,586.9,0,0
131.95,15,0.2529,4,5.41,626.3,0,0
30.45,16,0.1387,1,36.55,747.6,0,0
127.54,19,0.6067,2,13.46,527.1,0,0
103.02,9,0.547,2,26.35,953.2,0,0
452.72,20,0.328,2,10.34,551.1,0,1
22.76,13,0.1321,1,15.99,360.7,0,0
28.31,6,0.523,2,57.74,259.0,0,0
33.94,7,0.0396,1,3.88,493.7,0,0
28.75,9,0.1021,4,5.1,387.1,0,0
20.07,10,0.2519,0,3.93,193.1,0,0
3.72,14,0.1411,2,0.58,1618.8,0,0
30.23,17,0.4538,4,1.94,191.4,0,0
62.33,9,0.0542,2,0.16,569.6,0,0
28.68,23,0.1095,1,2.75,695.6,0,0
255.15,8,0.3172,2,78.18,682.3,0,1
45.24,15,0.1707,2,9.66,178.1,1,0
142.87,21,0.0504,3,21.6,735.0,0,0
56.56,19,0.3275,2,33.51,1196.1,0,0
94.04,16,0.1325,1,43.61,295.6,0,0
57.47,17,0.4675,3,12.81,726.2,0,0
153.22,8,0.4121,5,13.54,734.8,0,0
47.01,0,0.2047,2,8.5,646.5,0,0
69.86,13,0.2455,2,17.45,1735.3,0,0
62.16,6,0.2429,1,3.3,636.9,0,0
34.49,11,0.3714,2,4.08,503.6,1,1
64.36,9,0.3918,1,16.07,248.4,0,0
333.94,21,0.3126,3,27.35,1285.1,0,0
35.05,20,0.2227,1,9.53,383.6,0,0
65.2,18,0.4856,3,33.66,784.9,0,0
138.66,17,0.4643,5,35.13,1357.4,0,1
124.74,8,0.3832,1,55.78,880.4,0,0
45.18,4,0.037,3,8.8,282.8,0,0
5.23,16,0.2967,1,45.05,978.9,0,0
71.17,16,0.1898,2,23.78,485.5,0,0
6.06,12,0.253,0,18.99,939.5,0,0
167.83,13,0.1113,4,4.22,1612.1,0,0
52.07,13,0.4767,2,0.46,897.6,0,0
109.91,10,0.0735,1,16.47,674.2,0,0
19.85,11,0.1971,1,12.93,136.9,0,0
11.05,12,0.1232,4,7.92,452.7,0,0
56.52,15,0.1061,1,16.7,372.0,0,0
43.37,21,0.4901,0,10.56,890.4,0,0
28.72,14,0.3589,2,31.3,1316.1,0,0
48.24,17,0.4901,2,14.53,843.7,0,0
539.53,18,0.119,2,7.57,728.9,0,0
94.73,7,0.2858,1,30.94,724.1,1,1
114.96,16,0.4504,2,1.69,659.6,0,0
95.54,13,0.0824,4,14.37,1241.4,0,0
169.27,15,0.1079,1,2.59,1013.1,0,0
37.67,3,0.2465,0,0.83,1425.4,0,0
7.03,20,0.2523,0,21.88,1354.6,0,0
37.72,21,0.0158,1,17.65,1875.8,0,0
92.81,0,0.0366,2,6.46,1109.5,0,0
18.67,9,0.5509,1,1.45,1026.1,0,0
38.14,9,0.0408,0,9.64,680.1,0,0
23.98,18,0.1185,1,2.58,741.6,0,0
172.75,15,0.309,1,22.09,1172.1,0,0
87.75,9,0.1823,3,32.52,593.7,0,0
80.35,18,0.1311,4,19.98,1268.7,0,0
78.21,11,0.0806,4,16.57,676.3,0,0
43.23,13,0.3122,5,17.65,764.1,0,0
53.4,12,0.6468,1,7.14,1553.3,0,0
15.38,14,0.0075,3,13.34,1039.0,0,0
6.25,13,0.2178,1,15.66,777.3,0,0
51.17,10,0.6509,4,13.51,1763.7,0,0
59.84,12,0.4211,3,22.75,527.0,0,0
132.73,20,0.2297,1,24.68,463.4,0,0
183.87,14,0.1504,2,15.16,448.8,0,0
183.64,21,0.311,2,32.02,828.2,0,0
18.21,14,0.0556,3,16.51,752.4,0,0
32.56,18,0.3947,0,32.99,902.0,0,0
68.88,10,0.5213,0,8.88,258.3,0,0
436.47,18,0.6044,3,41.91,273.3,0,1
169.37,10,0.1522,3,8.58,463.0,0,0
122.42,1,0.5529,3,33.29,829.4,0,1
31.53,8,0.5794,0,4.22,587.1,0,0
20.19,1,0.3842,2,5.26,376.6,0,0
90.92,21,0.1962,2,10.19,427.6,0,0
16.6,23,0.3044,2,51.29,1059.1,0,0
36.07,18,0.1199,1,27.15,1426.8,0,0
40.31,7,0.2784,4,21.26,613.3,0,0
187.47,20,0.0941,3,8.89,383.7,0,0
32.48,17,0.2869,2,23.62,851.3,0,0
4.98,11,0.1665,2,8.79,1659.5,0,0
70.39,14,0.1956,1,32.27,782.7,0,0
23.83,16,0.2553,3,6.53,816.9,0,0
46.45,2,0.2616,0,11.4,687.2,0,0
41.35,14,0.2813,1,20.1,938.1,0,0
34.94,17,0.2149,0,24.65,817.6,0,0
91.04,9,0.0353,2,37.64,237.7,0,0
11.25,13,0.2689,1,2.09,925.7,0,0
28.07,14,0.0997,2,3.11,786.9,0,0
82.73,17,0.335,2,37.36,404.0,0,0
25.72,22,0.2335,5,2.53,511.1,0,0
10.51,19,0.4891,4,63.12,304.2,0,0
81.59,15,0.3035,3,11.62,999.1,0,1
122.83,15,0.4899,2,5.71,1131.0,0,0
42.93,15,0.2561,7,20.82,854.0,0,0
7.65,14,0.1012,3,78.51,599.3,0,0
84.38,5,0.3477,2,50.44,741.7,0,0
10.04,17,0.5705,1,3.51,843.1,0,0
59.02,17,0.5488,0,24.76,834.6,0,0
20.11,14,0.5153,3,3.0,1049.2,0,0
15.74,20,0.5169,1,45.91,523.9,0,0
30.03,16,0.091,4,8.22,785.4,0,0
37.9,12,0.0144,2,32.46,456.8,0,0
25.03,1,0.5727,2,36.26,999.4,0,1
75.93,5,0.0991,1,9.49,480.7,0,0
29.92,11,0.4519,1,10.52,1764.9,0,0
108.0,13,0.0992,5,63.67,750.2,0,0
57.57,9,0.0956,1,21.02,595.6,0,0
23.86,9,0.1125,2,54.97,535.9,0,0
20.5,9,0.0733,4,74.66,744.2,0,0
10.15,18,0.4969,1,24.23,1564.7,0,0
58.07,18,0.4189,2,11.17,412.2,0,0
32.49,12,0.3695,2,13.46,1008.7,0,0
5.29,9,0.09,1,29.04,466.6,0,0
27.6,7,0.2083,2,11.11,377.0,0,0
19.87,6,0.2566,3,33.89,904.5,0,0
184.58,12,0.095,1,23.97,606.4,0,0
9.66,4,0.276,3,19.23,717.4,1,0
12.22,11,0.2473,4,6.13,866.6,0,0
121.39,22,0.1804,1,12.81,1564.5,0,0
151.58,14,0.2313,3,3.59,991.6,0,0
22.86,18,0.0428,0,34.76,605.6,0,0
25.31,7,0.3814,2,10.61,1049.8,0,0
77.84,10,0.4541,3,9.53,346.6,0,0
5.5,21,0.2301,1,1.83,659.1,0,0
8.37,12,0.11,1,24.69,558.5,1,0
34.72,16,0.3861,5,13.76,1925.9,0,0
180.35,22,0.0273,2,9.69,460.8,0,0
30.2,14,0.235,2,5.73,986.5,0,0
48.95,11,0.0868,2,8.46,539.5,0,0
124.02,14,0.06,2,7.1,444.9,1,0
297.73,4,0.2323,3,56.05,492.4,1,1
26.6,7,0.5029,1,3.67,778.9,0,0
44.03,0,0.2458,5,63.56,700.8,0,0
230.41,20,0.1707,1,1.67,603.0,0,0
11.36,16,0.0757,2,2.43,1153.9,0,0
112.71,11,0.5211,2,2.96,636.6,0,1
17.88,9,0.0441,2,5.2,1108.1,0,0
49.02,16,0.5438,0,11.53,726.4,0,0
35.93,21,0.158,2,4.57,405.0,0,0
18.87,11,0.339,1,24.76,764.4,0,0
18.45,11,0.1944,2,9.86,760.4,0,0
57.33,19,0.2837,2,31.81,2125.7,0,0
109.51,20,0.3666,0,4.3,1352.3,0,0
39.77,21,0.3036,1,31.21,1475.1,0,1
47.61,10,0.2632,2,6.84,699.8,0,0
74.74,7,0.0708,1,2.05,535.4,0,0
18.64,13,0.5957,1,3.95,643.0,0,0
86.98,10,0.3189,0,2.4,623.4,0,0
93.45,20,0.6142,2,56.63,1125.0,0,1
465.57,3,0.0653,4,2.94,553.9,0,0
31.86,16,0.1053,2,2.33,1057.2,0,0
29.6,20,0.0603,2,4.21,1211.3,0,0
89.31,22,0.3674,1,20.09,937.3,0,0
93.43,16,0.6274,1,2.31,362.6,0,0
27.62,21,0.3985,2,9.21,906.7,0,0
31.1,6,0.4208,1,34.39,340.3,0,0
72.75,11,0.1347,0,6.84,751.8,0,0
21.22,0,0.3406,3,2.24,651.8,0,0
30.89,23,0.2087,3,28.14,962.7,0,0
48.45,20,0.2802,0,6.88,583.5,0,0
109.55,2,0.1387,2,16.68,546.8,0,0
25.94,1,0.1136,0,0.62,588.0,1,0
8.52,12,0.1851,1,3.62,612.9,0,0
7.97,10,0.3076,5,3.1,335.8,0,0
14.39,19,0.5738,4,29.49,1238.4,0,0
13.71,8,0.0276,1,1.96,633.0,0,0
38.89,18,0.1533,1,16.4,1058.1,0,0
15.33,14,0.5112,1,12.89,892.6,0,0
23.75,12,0.1114,1,13.75,648.6,0,0
22.27,8,0.4527,1,5.63,568.1,0,0
30.07,23,0.5233,2,56.54,320.8,0,0
146.97,15,0.1728,0,0.48,517.7,0,0
81.11,13,0.5208,3,12.11,369.0,0,1
45.35,12,0.2303,1,1.52,427.3,0,0
29.52,20,0.2795,3,23.81,1045.6,0,0
30.27,18,0.2675,1,9.71,572.6,0,0
60.04,18,0.4003,5,0.99,483.0,0,1
75.62,15,0.3419,4,13.22,583.9,0,0
19.75,20,0.3758,5,26.66,366.9,0,0
46.19,11,0.4302,5,21.39,394.6,0,1
7.18,17,0.4194,2,0.97,1112.3,0,0
54.08,12,0.5481,4,7.06,1409.9,0,0
88.76,15,0.1971,3,80.26,705.8,0,0
34.74,23,0.1423,2,3.3,253.4,0,0
229.26,23,0.1185,1,19.1,1363.7,0,0
20.22,14,0.3121,7,7.36,1699.4,0,0
54.36,15,0.1959,4,28.45,828.5,0,0
43.28,20,0.2471,2,11.72,501.2,0,0
40.84,23,0.2951,0,8.86,1057.5,0,0
40.33,18,0.3831,2,61.57,686.3,0,0
49.22,5,0.2362,2,27.53,999.3,0,0
95.89,11,0.274,1,57.59,293.1,0,1
154.46,20,0.2408,4,36.07,556.3,0,1
44.61,18,0.0339,1,11.76,359.0,1,0
93.11,17,0.2174,4,35.69,429.7,0,1
23.77,16,0.5016,3,9.77,285.2,0,0
89.06,12,0.0479,1,27.54,431.3,0,0
22.52,12,0.175,5,48.05,1227.6,0,0
119.29,18,0.614,1,94.57,461.1,0,1
326.87,10,0.2592,3,73.11,280.9,0,1
40.05,16,0.3994,3,23.31,458.1,0,0
6.21,17,0.0673,2,13.47,294.5,0,0
27.3,19,0.4033,2,20.95,721.0,0,0
135.46,11,0.0983,2,19.32,467.9,0,0
73.54,17,0.5521,1,77.93,618.6,0,0
55.93,7,0.188,2,5.69,503.5,0,0
110.81,8,0.5076,2,57.3,617.1,0,1
69.13,12,0.1018,4,50.58,272.4,0,1
133.75,5,0.3278,2,10.78,444.0,0,0
102.26,21,0.4398,2,6.18,906.1,0,0
175.83,20,0.2546,2,10.87,947.0,0,0
61.74,4,0.4657,5,16.72,636.6,0,0
100.96,19,0.1123,5,18.29,661.5,0,0
33.91,14,0.2533,0,9.52,232.2,0,0
26.02,17,0.1972,2,49.2,817.4,0,0
207.7,20,0.1942,2,21.74,1220.5,0,0
54.3,15,0.1725,3,44.04,295.8,0,0
92.24,7,0.3747,0,18.02,1019.6,0,0
49.97,0,0.3207,2,5.34,290.3,0,0
26.37,14,0.1913,1,11.51,712.8,0,0
45.15,21,0.4308,4,15.06,267.4,0,0
162.78,15,0.6283,2,11.34,316.9,0,1
73.68,12,0.2534,3,62.21,424.8,0,0
9.58,2,0.0754,2,20.7,387.3,0,0
36.83,21,0.1869,5,4.57,1158.0,0,0
222.31,11,0.4967,2,27.34,739.2,0,0
36.88,17,0.0355,0,14.64,397.9,0,0
8.84,17,0.1238,2,16.49,909.2,0,0
245.61,10,0.384,2,49.36,986.4,0,1
82.61,5,0.4747,2,13.01,838.5,0,0
41.97,12,0.2432,0,7.93,781.2,0,0
32.0,11,0.41,1,20.76,784.4,0,0
118.41,17,0.3228,1,2.12,385.4,0,1
27.45,18,0.2504,1,4.18,708.7,0,0
125.64,9,0.4598,1,36.35,1162.0,0,0
72.82,14,0.1222,0,28.88,1513.9,1,0
55.71,3,0.2776,2,3.86,660.4,0,0
50.96,9,0.5173,0,11.83,486.9,0,0
38.19,18,0.3914,4,9.25,418.7,0,0
114.56,18,0.4609,4,49.35,1117.6,0,0
20.52,18,0.2752,2,21.56,420.0,0,0
10.38,8,0.6791,1,17.14,605.0,0,0
77.71,14,0.5418,2,9.37,599.0,0,0
78.89,12,0.6495,1,42.38,969.5,0,0
68.87,23,0.5126,2,13.33,811.6,0,0
64.52,16,0.1117,1,15.63,1693.3,0,0
33.5,21,0.4379,4,22.53,799.9,0,0
90.81,8,0.1815,3,1.01,1136.6,0,0
42.91,13,0.1707,3,12.54,530.3,0,0
28.84,18,0.3663,3,21.98,802.9,0,0
33.76,12,0.2588,2,15.17,1171.2,0,0
275.5,16,0.1653,2,4.01,1094.2,0,0
9.38,14,0.066,2,0.41,326.8,0,0
70.09,23,0.2139,0,2.15,392.8,0,0
9.86,9,0.448,0,48.3,816.5,0,0
40.55,21,0.0357,2,3.56,612.0,0,0
30.26,12,0.105,0,22.63,691.3,0,0
6.84,13,0.2242,3,2.76,597.2,1,0
63.44,14,0.3784,2,16.12,1052.6,0,1
31.75,10,0.3068,2,8.01,756.6,0,0
6.76,22,0.1511,2,16.89,637.6,0,0
95.16,20,0.1257,1,43.25,1977.5,0,0
162.63,22,0.2337,0,11.44,1159.1,0,0
170.91,23,0.4544,1,3.92,1288.4,0,0
61.75,16,0.337,3,3.13,371.8,0,0
46.59,13,0.4605,5,6.89,2053.4,0,0
147.72,19,0.5436,3,8.16,1923.2,1,0
203.19,2,0.5685,1,50.73,1042.1,0,0
123.99,19,0.2469,2,34.43,744.8,0,0
19.16,14,0.2822,3,0.71,472.2,0,0
53.58,16,0.3743,2,11.46,1098.1,0,0
66.39,12,0.2003,0,51.27,1725.6,0,0
8.77,12,0.5126,4,46.64,760.0,0,0
68.2,2,0.5212,1,10.22,393.7,0,0
345.74,12,0.4965,1,7.68,701.2,0,1
79.51,12,0.2745,3,1.32,545.7,0,0
168.35,9,0.6109,0,21.05,427.5,0,0
52.7,10,0.3221,1,2.14,279.4,0,0
41.85,15,0.0686,2,18.41,1622.6,0,0
63.0,11,0.4513,2,46.42,1345.4,0,0
21.45,19,0.4868,0,14.14,584.3,0,0
18.78,7,0.1085,1,5.45,178.1,0,0
139.72,15,0.1035,2,10.83,888.4,0,0
153.72,8,0.1795,1,1.4,1405.7,0,0
18.32,14,0.3149,2,8.89,1708.7,0,0
106.83,14,0.2289,0,7.49,881.6,0,0
41.34,16,0.2097,2,52.37,475.8,0,0
60.69,12,0.2984,6,12.02,816.9,0,1
67.64,14,0.1037,2,33.0,652.1,0,0
109.39,9,0.1298,3,36.15,603.2,0,0
48.16,13,0.0518,2,4.47,66.2,0,0
159.04,12,0.3858,2,19.85,1254.3,1,1
59.06,16,0.1843,4,19.01,905.4,0,0
78.4,13,0.5114,1,2.51,334.2,0,0
21.12,18,0.4805,1,7.01,1261.3,0,0
311.93,12,0.4095,3,2.71,1625.1,0,1
68.23,10,0.3927,3,39.76,458.8,0,0
84.92,10,0.1536,1,15.73,891.1,0,0
10.51,4,0.3743,3,33.97,641.3,0,0
21.32,14,0.3731,3,34.66,264.8,0,0
136.2,19,0.1954,4,7.64,816.4,0,0
57.87,18,0.186,1,15.28,1069.8,0,0
7.99,13,0.657,1,5.19,819.3,0,0
113.8,9,0.394,3,98.39,1370.2,0,1
27.4,19,0.18,1,41.08,789.8,0,0
159.2,5,0.2485,2,29.89,267.7,0,1
41.3,12,0.0994,2,6.45,498.5,0,0
53.74,19,0.0762,1,29.77,1189.0,0,0
129.16,12,0.2936,1,51.01,133.1,0,0
19.93,7,0.0922,3,1.04,516.7,0,0
18.29,10,0.2058,4,16.02,803.6,0,0
37.46,15,0.199,1,25.03,1196.0,0,0
94.11,8,0.2232,1,23.28,1445.9,0,0
13.49,16,0.0752,2,18.28,634.1,0,0
9.96,13,0.2069,1,10.03,720.8,0,0
93.82,11,0.5017,3,41.32,536.7,0,1
25.98,10,0.371,4,2.23,751.3,0,0
31.41,18,0.2463,3,18.15,364.0,0,1
8.41,12,0.249,1,30.24,918.0,0,0
24.26,17,0.0463,2,0.85,151.7,0,0
44.4,13,0.2596,0,21.96,872.2,0,0
103.27,6,0.2154,2,9.27,647.8,0,0
22.33,13,0.1459,2,23.85,1214.6,0,0
198.67,14,0.2199,3,39.59,1056.3,0,0
24.14,13,0.387,1,35.87,588.5,0,0
24.17,18,0.3488,1,16.71,1022.2,0,0
178.33,20,0.0881,1,13.36,381.6,0,1
54.07,18,0.254,2,0.98,288.1,0,0
27.2,15,0.398,5,12.67,861.4,0,0
38.88,14,0.6109,0,10.34,275.3,0,0
151.07,16,0.1962,4,1.04,1513.1,0,0
167.27,10,0.3279,2,68.71,230.0,1,1
21.43,18,0.0854,1,13.75,1163.7,0,0
43.03,19,0.3348,4,4.41,646.3,0,0
48.48,10,0.4381,0,16.87,936.5,0,0
18.4,20,0.4338,0,6.77,759.9,0,0
42.52,19,0.4105,0,78.88,518.8,0,1
44.92,12,0.2566,0,38.1,473.6,0,0
124.73,20,0.2509,1,3.77,970.2,0,0
132.51,7,0.3032,2,10.65,1224.2,0,0
33.24,2,0.4332,3,0.09,814.0,1,1
36.87,11,0.3491,3,23.75,919.0,1,0
81.28,15,0.597,3,30.32,785.6,0,1
26.4,11,0.4771,1,47.86,334.6,0,0
75.93,21,0.3673,3,29.11,351.5,0,0
41.3,10,0.4735,4,2.63,1444.2,0,0
18.68,10,0.1083,2,4.56,647.7,0,0
18.89,16,0.442,0,34.8,1142.0,0,0
164.41,0,0.3119,5,47.57,569.2,0,0
38.83,17,0.5334,2,14.77,441.5,0,0
195.65,12,0.2437,1,15.68,562.5,1,0
28.16,22,0.2159,0,16.05,1004.9,0,0
58.1,16,0.523,1,22.59,469.0,0,0
385.06,4,0.1081,1,48.31,788.5,0,0
17.26,6,0.2151,4,6.78,924.8,0,0
8.1,6,0.4521,5,9.63,718.5,0,0
142.3,21,0.2593,4,11.12,779.2,0,1
21.24,16,0.2891,2,39.63,789.4,1,0
43.88,12,0.5848,4,52.84,463.2,0,0
26.38,9,0.334,1,14.43,616.0,0,0
56.9,20,0.3182,2,1.08,446.7,0,0
19.0,9,0.2218,2,11.8,599.4,0,0
38.02,17,0.0241,1,22.83,1048.6,0,0
67.01,18,0.0247,2,2.98,1042.6,0,0
18.04,10,0.4234,5,9.27,795.3,0,1
23.81,14,0.1436,0,19.59,704.1,0,0
32.7,9,0.058,3,53.81,895.1,0,0
12.36,12,0.2336,3,12.16,777.1,0,0
30.56,22,0.4114,5,33.44,596.2,0,0
49.75,17,0.2295,2,92.81,686.6,0,0
31.2,19,0.229,0,8.53,388.1,0,0
35.01,14,0.6566,2,71.26,361.6,0,1
43.91,10,0.1248,2,40.78,1345.0,0,0
24.77,17,0.076,1,1.28,1000.9,0,0
83.26,14,0.3537,3,3.28,531.0,0,0
162.78,9,0.1024,2,45.43,686.4,0,0
29.43,12,0.0562,4,16.73,575.3,0,0
69.18,16,0.3991,2,20.61,679.8,0,0
36.03,17,0.2434,3,11.53,1010.8,0,0
62.11,10,0.425,1,21.85,153.2,0,0
182.95,20,0.1969,1,23.59,872.1,0,0
70.65,12,0.0828,2,13.7,334.8,0,0
9.06,10,0.1145,0,1.4,2508.6,0,0
67.26,9,0.4865,1,23.53,1127.5,0,0
135.58,18,0.3133,0,17.27,305.9,0,0
36.62,11,0.3326,1,38.84,312.6,0,0
109.52,13,0.251,3,4.12,489.3,0,1
24.02,9,0.1244,1,13.54,678.8,0,0
11.74,16,0.2822,2,14.66,470.8,0,0
50.76,18,0.6874,2,8.3,507.3,0,0
9.2,11,0.1612,2,56.73,176.8,0,0
36.02,21,0.5746,2,1.41,1978.1,0,0
142.33,2,0.4125,3,29.05,669.2,0,1
8.01,8,0.5511,2,17.01,1552.8,0,0
14.13,15,0.6416,1,23.39,504.5,0,0
17.66,17,0.1491,3,1.04,1848.2,0,0
42.22,10,0.0843,3,9.6,919.8,0,0
32.16,14,0.4166,5,0.2,708.6,0,0
157.47,11,0.3903,1,12.5,1424.0,0,0
105.52,14,0.115,3,12.8,315.5,0,0
69.81,16,0.4753,2,31.25,690.3,0,0
50.96,22,0.3662,1,7.63,613.5,0,0
63.68,13,0.2989,1,32.33,1131.8,0,0
20.58,16,0.0919,1,2.25,226.9,0,0
96.69,15,0.5311,2,1.37,545.3,0,1
16.43,11,0.6771,1,10.45,178.7,0,0
94.81,10,0.2766,0,44.46,563.3,0,0
130.0,23,0.3063,0,32.21,1297.1,0,0
54.04,9,0.2362,2,37.53,563.9,0,0
38.15,18,0.3937,3,7.45,437.7,0,0
64.09,8,0.0365,0,11.65,993.4,0,0
3.4,18,0.249,3,17.32,456.2,0,0
58.68,9,0.4472,5,6.11,1212.3,0,0
40.37,22,0.1818,1,4.47,1520.3,0,0
42.71,16,0.5181,3,17.04,732.6,0,0
84.43,6,0.6432,3,10.52,904.8,0,1
41.79,17,0.5043,1,1.55,1266.4,0,1
16.02,15,0.2762,0,15.04,720.5,0,0
39.36,11,0.4006,1,3.35,272.8,0,0
47.5,10,0.1927,2,16.89,1333.2,0,0
49.57,17,0.7648,1,80.12,914.4,0,1
51.71,17,0.0984,2,88.79,593.1,0,0
113.91,11,0.6723,0,8.44,335.6,0,0
16.82,20,0.4979,2,15.64,564.0,0,0
52.36,10,0.1282,3,36.37,826.9,0,0
142.73,6,0.4491,2,11.5,880.6,0,0
9.38,15,0.3091,4,39.44,1053.8,0,0
52.55,7,0.2371,3,15.07,130.6,0,0
26.39,10,0.2305,1,27.05,1377.3,0,0
32.02,14,0.2401,1,53.02,1025.2,0,0
19.8,10,0.3166,1,23.66,712.2,0,0
38.37,9,0.6192,3,14.52,507.2,0,0
234.42,17,0.0493,2,21.69,424.8,0,0
14.33,14,0.1026,1,14.54,1099.7,0,0
15.6,19,0.0803,8,3.55,688.4,0,0
13.85,15,0.5014,1,28.01,375.7,0,0
211.6,13,0.3137,3,45.84,884.2,1,1
29.49,10,0.1293,3,13.78,860.3,0,0
43.68,18,0.2587,4,14.09,1941.4,0,0
31.11,9,0.3648,2,12.08,188.8,0,0
19.11,10,0.1249,2,10.0,286.0,0,0
36.17,19,0.3069,3,3.92,201.6,0,0
408.47,17,0.3492,2,11.37,437.0,0,0
156.47,15,0.0303,0,17.09,680.4,0,0
20.75,3,0.4234,4,1.46,590.8,0,0
80.06,7,0.5433,3,54.73,1448.7,0,0
21.15,14,0.3885,2,1.22,603.1,0,0
9.04,17,0.1945,0,83.8,218.0,0,0
111.89,13,0.28,2,78.47,1779.8,0,0
126.99,1,0.1592,4,29.07,1103.7,0,0
114.6,9,0.3719,2,11.57,1070.5,0,0
29.29,15,0.5036,3,9.91,335.8,0,0
38.47,17,0.1754,2,3.43,751.7,0,0
87.78,3,0.3138,6,1.81,1311.4,0,0
63.58,3,0.2659,0,23.49,1185.9,0,0
31.37,10,0.3689,0,7.72,460.2,0,0
10.41,6,0.4335,2,10.07,682.0,0,0
49.53,14,0.2777,1,14.7,1188.6,0,0
118.05,7,0.1261,1,11.02,754.3,0,1
15.21,16,0.1841,3,5.42,584.2,0,0
79.43,18,0.2831,2,23.65,367.3,0,0
60.24,22,0.3962,0,17.52,681.6,0,0
87.81,21,0.5779,1,2.0,1391.4,0,0
97.98,10,0.6593,3,10.89,1298.1,0,0
23.93,2,0.0939,1,36.43,848.5,0,0
10.43,11,0.4897,3,10.08,797.7,0,0
27.66,17,0.2826,2,113.4,1039.0,0,0
99.51,5,0.7266,0,15.17,58.1,0,0
27.45,11,0.24,3,22.35,812.4,1,0
23.94,11,0.4087,3,12.14,811.8,0,0
8.68,9,0.4137,6,21.09,281.3,0,0
216.46,17,0.2912,2,45.14,386.1,0,0
93.99,16,0.4424,3,9.41,974.2,0,0
89.38,14,0.0444,3,10.24,769.6,0,0
106.8,20,0.1687,1,5.78,718.6,1,0
75.12,7,0.2303,4,71.1,579.4,1,1
35.88,8,0.1928,2,2.7,1384.4,0,0
38.58,12,0.1404,1,1.25,987.9,0,0
30.42,16,0.1202,5,1.92,895.2,0,0
478.79,15,0.4847,0,34.8,369.4,0,0
73.72,6,0.3412,2,32.84,894.0,0,0
29.45,22,0.0547,1,12.44,2169.8,0,0
67.96,11,0.2874,0,7.25,240.6,0,0
18.0,11,0.1978,3,16.19,1098.5,1,0
173.13,15,0.3408,3,5.82,719.4,0,0
24.66,21,0.7244,1,3.21,710.7,0,0
70.17,16,0.125,1,12.14,1238.8,0,0
116.67,21,0.1668,2,9.6,456.5,0,0
63.2,9,0.173,2,6.33,578.2,1,1
48.67,15,0.1839,3,8.25,638.9,0,0
45.14,19,0.0711,2,9.71,436.5,0,0
42.49,14,0.3237,0,7.1,625.9,0,0
26.6,11,0.1711,2,13.48,468.8,0,0
29.83,23,0.2582,2,1.14,731.9,0,0
169.29,8,0.183,3,0.2,1115.9,0,0
40.54,12,0.7171,4,10.2,426.1,0,1
22.04,20,0.3464,2,37.26,780.3,0,0
28.09,20,0.3428,2,20.63,697.4,0,0
120.34,23,0.4237,2,9.59,682.6,0,0
82.11,20,0.3186,4,11.49,410.1,0,1
74.02,4,0.7558,1,1.9,1247.5,0,0
35.45,21,0.3427,4,8.09,1247.3,0,0
74.89,12,0.1753,2,18.93,673.5,0,0
25.05,16,0.2188,3,25.97,1062.7,0,0
35.39,12,0.5272,1,63.75,505.9,1,0
107.0,18,0.1361,2,6.86,1124.9,0,0
98.18,15,0.0298,2,5.06,420.8,0,0
18.47,19,0.1683,1,42.56,383.4,0,0
20.7,9,0.5169,0,59.75,750.0,0,0
49.3,9,0.404,0,21.89,1646.3,0,0
211.35,13,0.4147,1,10.9,366.5,0,0
7.97,0,0.0862,3,8.75,250.3,0,0
57.43,17,0.0764,5,7.41,1115.0,0,0
12.96,10,0.1361,3,18.48,771.5,0,0
25.26,14,0.3755,0,3.68,815.4,0,0
32.2,6,0.3739,2,12.15,589.8,0,0
30.62,9,0.0561,3,23.93,942.4,0,0
27.65,15,0.3402,1,9.39,1064.6,0,0
44.99,11,0.4743,1,17.43,316.8,0,0
27.61,9,0.7001,3,6.76,279.5,0,0
11.99,9,0.2318,4,20.72,392.0,0,0
90.19,9,0.1038,3,92.2,494.6,0,0
88.02,15,0.2111,0,17.55,643.8,0,0
95.47,9,0.2751,0,0.33,760.5,0,0
11.17,12,0.6911,0,38.12,986.9,0,1
58.5,16,0.1106,3,20.18,492.7,0,0
82.14,14,0.5597,1,8.24,1088.8,0,0
17.67,15,0.2478,2,17.21,769.0,0,0
45.07,10,0.3476,0,45.32,836.2,0,0
40.26,21,0.2654,0,14.73,316.4,1,0
234.61,12,0.9125,2,29.66,435.8,0,1
252.66,10,0.2754,2,10.73,570.0,0,0
9.99,20,0.0669,2,1.07,2551.5,1,0
421.8,16,0.3321,0,0.33,1076.6,1,1
19.62,15,0.2572,0,13.11,664.6,0,0
108.05,20,0.194,1,12.33,515.8,0,0
107.07,5,0.1803,0,13.26,1688.7,0,0
18.24,19,0.3729,4,6.24,792.2,0,0
69.68,16,0.5889,2,11.94,442.9,1,1
40.58,11,0.1373,2,3.81,383.8,0,0
73.62,10,0.1567,1,2.14,910.4,0,0
55.01,7,0.4035,7,64.74,661.4,0,1
131.2,21,0.441,1,15.03,1200.7,0,0
47.84,8,0.5088,4,3.92,361.1,0,0
38.43,10,0.1461,3,43.44,1095.8,0,0
119.88,16,0.3783,2,6.76,1145.1,0,0
75.37,17,0.3497,2,7.07,1333.5,0,0
86.37,8,0.2701,3,50.99,473.7,0,1
24.58,18,0.5227,1,7.59,1097.8,0,0
17.45,14,0.3079,0,49.66,580.6,0,0
26.82,19,0.1043,1,66.84,413.0,0,0
25.57,6,0.594,0,15.96,670.6,0,0
90.7,3,0.0874,3,57.85,199.7,0,0
107.6,16,0.2762,4,8.35,834.8,0,1
38.88,8,0.5178,3,3.61,684.2,0,0
162.04,14,0.2331,0,0.38,299.7,0,0
153.18,1,0.123,2,3.08,845.8,0,0
55.65,18,0.2234,4,0.71,1065.9,0,0
21.33,20,0.4992,3,12.77,642.7,1,1
184.53,19,0.1341,7,10.07,546.2,0,0
42.31,22,0.4003,1,0.65,926.2,0,0
50.08,20,0.4184,3,3.57,1421.8,0,0
32.93,13,0.2202,3,7.14,624.9,0,0
20.07,12,0.2569,3,33.94,1780.1,0,0
11.92,20,0.5544,3,17.52,1242.6,0,0
79.01,21,0.5941,2,22.76,560.7,0,0
22.09,22,0.3446,4,32.22,450.4,0,0
701.75,18,0.4779,0,10.42,943.9,0,1
16.82,9,0.2485,1,17.55,366.6,0,0
14.42,21,0.0178,4,22.54,366.4,0,0
70.75,21,0.1411,2,9.72,578.6,0,0
177.04,16,0.0266,1,0.93,558.0,0,0
47.38,19,0.2588,1,66.71,1606.2,0,0
74.81,15,0.0294,3,9.6,1132.8,0,0
8.51,21,0.0905,6,8.94,1156.0,0,0
24.29,6,0.2238,0,13.2,926.3,0,0
17.01,19,0.6702,4,35.2,577.7,0,0
8.12,5,0.4146,2,12.23,636.6,0,0
49.66,11,0.2654,4,12.73,884.4,0,0
5.94,8,0.3998,1,12.58,409.4,0,0
13.6,13,0.2171,0,72.38,407.8,0,0
27.56,10,0.4986,2,11.1,1074.3,0,0
21.15,21,0.0502,3,15.41,977.6,0,0
63.86,14,0.3186,2,10.0,390.7,0,0
58.85,20,0.3907,1,26.44,383.7,0,0
99.92,10,0.2268,6,28.47,396.1,0,1
87.98,2,0.2653,0,9.09,1062.0,0,0
124.8,18,0.3417,5,33.24,1217.6,0,0
44.62,17,0.0618,4,10.44,415.9,0,0
58.74,14,0.6546,2,2.91,782.5,0,1
70.84,18,0.1014,1,6.26,405.7,0,0
50.78,19,0.5091,0,15.41,1356.9,1,0
31.27,15,0.3821,0,2.68,263.5,0,0
33.14,22,0.0671,2,31.86,833.7,0,0
21.42,17,0.0974,1,16.53,574.3,0,0
65.33,16,0.1165,3,4.68,413.8,0,0
41.07,11,0.1671,3,3.77,311.4,0,0
24.61,0,0.1786,4,20.42,365.9,0,0
24.63,10,0.5975,1,18.18,633.7,0,0
15.04,18,0.1767,5,29.39,494.6,0,0
107.87,17,0.1457,4,12.11,766.3,0,0
47.98,11,0.1098,1,17.87,1647.4,0,0
20.56,15,0.5107,1,6.12,1111.9,0,0
92.54,9,0.08,2,47.0,1069.9,0,0
26.99,10,0.5322,1,64.54,1052.8,0,0
12.61,21,0.6007,2,5.22,908.2,0,0
112.07,12,0.1911,2,41.99,1209.6,1,1
27.57,10,0.4627,1,0.22,534.1,0,0
30.94,13,0.2612,0,32.1,908.6,1,1
46.39,12,0.1025,2,43.44,251.4,1,0
125.0,17,0.3171,4,11.42,1060.2,0,0
45.51,22,0.4191,3,19.95,754.7,0,0
15.19,15,0.429,0,56.39,692.7,0,0
72.93,15,0.2654,2,57.19,392.4,0,1
28.89,12,0.0411,2,8.99,330.8,0,0
244.48,15,0.0486,2,31.73,556.9,0,0
44.66,11,0.1985,0,5.85,753.6,0,0
5.98,0,0.4581,4,8.68,1123.3,0,0
61.66,19,0.1571,1,41.1,1210.8,0,0
257.27,13,0.2991,5,5.3,1431.2,1,1
184.63,13,0.2129,2,3.88,1140.8,0,1
232.26,6,0.1436,4,100.51,940.4,0,1
17.85,19,0.2106,0,87.76,323.1,0,0
101.59,9,0.3633,2,69.81,694.2,0,1
23.34,12,0.0753,1,5.21,1431.5,1,0
54.7,19,0.1255,1,24.98,1649.6,0,0
14.22,13,0.4861,1,21.14,317.9,0,0
25.03,21,0.0808,2,4.24,573.9,0,0
24.32,9,0.3682,3,30.18,1475.8,0,0
100.35,17,0.1576,2,3.69,1226.0,0,0
91.9,22,0.0834,1,11.28,729.4,0,0
57.35,14,0.2773,2,62.89,842.7,0,0
13.26,16,0.4466,0,0.21,915.9,0,0
33.77,12,0.0982,3,3.79,1247.0,1,0
22.84,17,0.3943,2,2.23,1229.7,0,0
97.78,20,0.12,4,21.13,608.8,0,0
129.07,17,0.351,0,15.69,1428.7,0,0
115.67,21,0.3461,1,4.96,1513.8,0,0
22.65,15,0.2478,2,16.67,656.0,0,0
3.8,15,0.3388,1,45.32,1472.4,0,0
9.11,11,0.0501,2,29.41,650.9,0,0
160.69,17,0.0599,5,9.73,1042.1,0,0
31.15,20,0.0825,3,9.39,1583.6,0,0
22.75,16,0.2126,3,13.83,1322.1,0,0
196.05,10,0.5475,1,41.74,495.7,0,1
139.58,14,0.2973,0,5.51,907.6,0,0
45.7,17,0.4209,2,45.93,985.9,0,0
34.33,21,0.2147,0,15.6,831.8,0,0
39.69,8,0.0546,2,5.77,521.9,0,0
54.84,7,0.2161,4,3.82,503.7,0,0
188.68,12,0.2958,0,4.06,671.2,0,0
65.38,7,0.4038,4,10.9,327.8,0,0
85.92,23,0.2487,3,32.57,971.0,0,0
128.04,12,0.1679,2,4.7,224.7,0,0
15.6,14,0.0779,0,4.53,1720.1,0,0
88.18,9,0.36,1,8.92,716.3,0,0
34.29,13,0.1635,0,3.69,504.7,0,0
4.64,23,0.1674,0,23.95,370.9,0,0
6.58,13,0.3045,3,17.77,1273.1,0,0
17.88,0,0.4153,1,1.21,912.2,0,0
72.1,10,0.2045,1,4.67,830.5,0,0
49.52,23,0.0869,2,8.44,917.3,0,0
52.77,23,0.1634,4,3.18,926.1,1,1
258.75,9,0.2709,5,8.22,974.8,0,0
14.27,15,0.2439,2,6.35,882.7,0,0
43.61,6,0.1638,3,19.46,1055.6,0,0
58.79,15,0.1006,1,10.4,941.9,0,0
23.04,7,0.3027,1,5.52,244.2,0,0
45.86,18,0.2215,1,55.99,482.1,0,0
10.59,21,0.4576,0,10.85,481.3,0,0
159.0,9,0.0561,2,5.87,507.1,0,0
24.2,13,0.212,1,28.16,394.5,0,0
278.18,7,0.2984,3,8.69,867.0,0,0
43.41,11,0.242,5,77.06,1077.5,1,0
112.76,5,0.3249,0,11.96,285.4,0,0
42.61,10,0.176,1,44.47,423.4,0,0
43.48,23,0.1707,3,9.93,316.8,0,0
26.43,4,0.4809,4,10.5,212.2,0,0
49.76,19,0.3037,3,38.22,757.0,0,0
59.51,6,0.408,6,42.16,239.1,0,1
22.07,14,0.4721,1,9.74,737.2,0,0
39.94,13,0.2438,2,20.7,832.4,0,0
25.81,21,0.3325,3,4.34,718.8,0,0
354.14,9,0.1949,1,56.47,725.3,0,0
41.23,9,0.4891,1,7.14,672.2,0,0
179.6,17,0.0169,6,4.32,1123.4,0,0
37.48,17,0.1128,2,85.58,1521.5,0,0
56.45,17,0.3546,1,2.53,865.7,0,0
13.61,2,0.4171,0,1.74,492.2,0,0
29.89,10,0.3375,1,21.75,420.0,1,0
54.03,19,0.2814,2,3.66,230.9,0,0
186.31,15,0.2787,1,11.75,1367.2,1,1
54.59,15,0.3745,2,143.95,630.3,0,1
155.3,10,0.2754,0,43.98,654.0,0,0
79.57,10,0.4047,2,10.1,747.8,0,0
193.38,21,0.3879,1,3.3,557.7,0,0
42.39,17,0.3766,3,8.5,821.8,0,0
384.21,7,0.4151,4,1.06,845.1,0,0
28.88,21,0.2216,3,26.28,905.2,0,0
22.43,15,0.2736,3,3.62,316.0,0,0
15.04,11,0.265,4,9.17,181.5,0,0
364.28,12,0.3512,2,11.29,1099.7,0,1
93.46,17,0.0565,2,4.89,642.8,0,0
33.09,12,0.2965,2,8.94,457.8,0,0
137.57,15,0.4477,3,7.77,1167.0,0,0
83.01,17,0.3878,2,0.85,468.2,1,1
262.31,9,0.3865,1,68.85,441.2,0,0
11.1,21,0.3238,3,14.65,534.9,0,0
35.2,11,0.3728,4,4.49,487.7,0,0
29.48,12,0.1238,3,23.57,494.4,0,0
7.57,17,0.535,3,8.89,1042.0,1,0
116.08,15,0.0359,1,18.45,1415.2,0,0
35.05,13,0.4673,3,73.55,402.8,0,1
86.98,16,0.029,2,5.28,732.1,0,0
373.83,20,0.5424,6,3.76,499.8,0,1
32.53,18,0.3544,2,54.0,1224.2,0,0
30.6,19,0.2729,4,6.79,863.1,0,0
49.74,10,0.3074,3,13.53,741.5,0,0
108.69,12,0.2771,1,33.43,1017.0,0,0
26.84,14,0.0171,1,33.76,1161.0,0,0
25.33,4,0.2441,2,40.72,1003.8,0,0
115.75,18,0.3604,2,10.8,985.7,0,0
62.85,11,0.6082,4,0.01,1503.9,0,0
7.1,10,0.2697,4,33.49,894.8,0,0
14.84,10,0.2106,4,13.59,449.6,0,0
172.62,10,0.0326,3,41.89,784.5,0,0
64.18,11,0.1768,2,5.74,573.8,0,0
22.51,15,0.2609,4,16.6,1453.6,0,0
38.35,15,0.3764,3,1.35,600.8,0,0
45.24,10,0.1318,1,18.98,611.8,0,0
86.67,9,0.4764,1,7.76,667.2,0,0
13.17,19,0.3166,3,11.98,828.2,0,0
20.97,6,0.2367,4,5.26,514.1,0,0
57.15,14,0.5161,1,26.95,514.6,0,0
40.86,14,0.2536,2,23.89,445.9,0,0
74.79,15,0.4771,4,23.5,1379.3,1,1
14.78,20,0.3402,6,9.8,958.1,0,0
61.65,15,0.2908,3,7.68,642.2,0,0
119.39,22,0.2391,2,14.92,552.4,1,1
69.28,20,0.0779,2,13.35,434.0,0,0
50.66,9,0.0682,0,0.03,594.9,0,0
41.01,10,0.2578,5,16.46,645.7,0,1
21.09,11,0.299,1,27.27,1236.8,0,0
41.9,12,0.153,2,32.95,421.2,1,0
138.9,14,0.3734,2,110.67,811.3,0,1
40.16,10,0.0707,3,34.15,939.4,0,0
20.07,9,0.2206,1,18.05,485.4,0,0
28.7,12,0.3641,3,36.63,274.2,0,0
53.56,16,0.3217,1,41.83,796.4,0,0
31.94,16,0.1779,3,36.92,430.6,0,0
69.18,22,0.3037,2,19.15,854.6,0,0
71.56,9,0.1174,4,0.08,802.5,0,0
99.49,12,0.4164,3,15.97,1107.7,0,0
160.97,22,0.3645,2,3.27,1153.2,0,0
109.54,16,0.2385,4,3.95,301.0,0,0
19.28,15,0.1221,1,24.9,941.5,0,0
19.82,14,0.227,2,74.36,849.9,0,0
41.75,6,0.5111,1,22.28,835.5,0,0
29.78,20,0.118,0,23.72,1165.6,0,0
16.05,15,0.247,2,6.39,443.6,0,0
30.04,15,0.0133,3,38.69,1156.1,0,0
29.16,14,0.4639,3,0.59,938.9,0,0
24.42,12,0.4125,0,2.0,274.0,0,0
33.64,10,0.2255,0,14.64,538.4,0,0
129.1,17,0.3908,0,27.44,728.3,0,0
53.48,14,0.4258,2,29.14,294.0,1,1
413.49,3,0.1883,1,24.82,927.1,0,1
52.12,12,0.3096,2,55.33,1161.7,0,0
34.43,21,0.2134,2,15.21,1058.1,0,0
44.87,12,0.432,2,73.7,1003.4,0,1
56.31,12,0.1189,4,6.59,567.2,0,0
66.14,15,0.4946,2,16.96,924.4,1,1
289.76,18,0.1664,4,17.11,1474.0,1,1
20.89,16,0.1149,0,24.0,371.2,0,0
96.85,19,0.5118,2,11.17,342.8,0,0
53.89,7,0.4067,1,61.64,437.3,0,0
10.87,21,0.3544,1,8.13,703.5,0,0
89.45,20,0.3115,0,2.28,421.0,0,0
139.89,14,0.6004,3,9.2,1020.6,0,0
20.67,15,0.3008,3,60.74,738.9,0,0
44.34,9,0.0299,1,113.86,726.6,0,0
9.46,13,0.4721,3,104.38,1164.0,0,0
14.4,9,0.2749,2,66.14,308.0,0,0
114.8,1,0.1649,2,6.86,840.4,1,0
29.38,23,0.6829,2,60.67,862.6,0,1
16.48,10,0.1723,4,5.68,1352.6,0,0
54.95,15,0.061,4,49.01,1865.4,0,0
27.93,11,0.2585,2,22.33,359.0,0,0
29.26,12,0.0236,2,45.8,552.4,0,0
86.96,12,0.3738,5,36.01,231.8,0,1
15.71,11,0.2785,3,47.0,409.4,0,0
19.79,16,0.2975,1,40.36,1400.7,1,0
51.35,22,0.405,2,22.22,1049.8,0,0
106.96,13,0.1008,2,3.58,636.6,0,0
136.23,22,0.0389,1,38.07,694.5,0,0
24.57,16,0.4058,1,3.51,355.0,0,0
103.92,15,0.3323,4,22.4,382.6,0,0
22.07,10,0.0465,8,7.24,714.5,0,0
231.27,5,0.6456,2,8.44,524.6,0,1
16.11,19,0.199,0,10.82,1024.8,0,0
147.77,15,0.2699,1,31.69,1126.3,0,0
24.76,12,0.1289,3,6.54,550.3,0,0
273.67,18,0.5029,0,1.8,863.3,0,0
76.11,11,0.4669,2,30.5,694.9,0,0
17.91,18,0.0959,1,16.33,682.6,0,0
27.94,11,0.2405,1,17.76,1373.9,0,0
90.29,21,0.296,2,3.04,322.3,0,0
115.28,10,0.1829,6,100.16,1352.7,0,0
41.94,8,0.4044,1,66.18,1070.3,0,0
46.53,17,0.3745,3,18.65,840.9,0,0
88.46,8,0.0893,1,36.74,1011.4,1,1
50.33,21,0.4957,0,11.63,671.2,0,0
13.96,16,0.3482,1,48.67,537.7,0,0
21.51,10,0.1513,5,21.77,440.1,0,0
55.24,9,0.3496,1,2.13,1086.0,0,0
133.48,21,0.2716,1,4.31,800.0,1,1
191.4,15,0.3335,4,5.61,1585.1,0,0
90.16,20,0.6097,3,24.26,1037.5,1,1
57.89,7,0.4056,1,2.05,840.7,0,0
87.7,21,0.1373,3,29.9,524.6,0,0
24.53,14,0.3802,2,8.29,572.7,0,0
38.94,16,0.2126,4,31.95,500.3,0,0
21.29,12,0.4583,0,44.56,902.9,0,0
14.53,5,0.1333,0,22.29,660.4,0,0
60.35,22,0.2128,0,0.2,535.0,0,0
52.82,23,0.1713,3,7.94,1650.6,0,0
83.0,12,0.161,1,4.13,1224.2,0,0
73.08,21,0.3668,2,47.03,725.6,0,0
55.61,9,0.4711,0,21.25,759.1,0,0
73.77,8,0.3661,3,26.21,1063.0,0,1
43.02,6,0.2038,2,11.99,671.1,0,0
64.82,12,0.2739,2,9.45,360.9,0,0
23.25,4,0.2403,1,19.52,510.5,0,0
62.35,12,0.2063,2,1.24,765.5,0,0
81.58,8,0.2355,1,33.73,761.0,1,0
24.47,17,0.3829,4,26.3,282.3,0,0
46.84,19,0.2747,1,1.88,1057.1,0,0
25.5,16,0.1547,2,28.08,293.1,0,0
27.83,9,0.2216,2,13.86,414.9,0,0
16.24,18,0.1821,1,41.45,1101.9,1,0
139.66,10,0.2734,2,5.58,647.9,0,0
116.64,18,0.2428,2,0.1,1280.2,0,0
72.51,15,0.1769,3,12.22,1172.2,0,0
263.74,12,0.2102,3,7.49,358.0,0,0
37.7,6,0.0679,3,10.85,592.8,0,0
684.43,19,0.264,3,48.8,527.4,0,1
36.42,21,0.2654,0,7.08,557.4,0,0
56.24,16,0.5789,0,18.11,516.1,1,1
31.25,22,0.3219,3,1.36,404.7,0,0
62.5,21,0.2492,2,2.74,1221.0,0,0
94.83,9,0.0382,1,19.76,426.1,0,0
40.35,17,0.0947,1,15.59,634.6,0,0
221.2,11,0.4541,1,4.21,410.4,0,0
55.44,13,0.2222,1,13.4,781.0,0,0
57.02,8,0.2277,2,54.98,622.2,0,0
19.73,22,0.4045,0,3.76,541.2,0,0
65.15,17,0.3326,1,34.37,1216.3,0,0
39.62,10,0.2058,2,45.59,668.5,0,0
25.86,12,0.2132,4,24.04,700.7,0,0
22.22,12,0.2478,3,2.61,281.2,0,0
495.01,17,0.1635,1,3.08,1702.8,0,0
35.26,21,0.1922,1,45.21,759.9,0,0
12.05,11,0.1311,5,53.92,1029.1,0,0
23.85,13,0.2834,3,9.75,467.2,0,0
42.67,15,0.2941,3,20.73,621.2,0,0
73.11,12,0.0379,0,36.3,1336.6,1,0
73.65,14,0.6073,2,149.66,535.7,0,1
82.18,7,0.251,3,12.16,951.3,1,0
25.02,9,0.2883,1,0.25,642.1,1,1
60.73,12,0.1127,4,34.01,1228.0,0,0
20.32,21,0.5026,2,13.07,831.4,0,0
25.59,11,0.3164,3,46.99,495.9,0,0
19.57,10,0.3608,1,7.98,347.4,0,0
15.34,17,0.2069,2,33.15,1476.2,0,0
116.49,21,0.4353,1,34.03,904.8,0,0
83.08,13,0.1814,0,32.27,821.1,0,0
107.66,0,0.7399,3,71.93,576.7,0,1
46.31,16,0.0673,2,5.61,310.5,0,0
89.94,12,0.1782,5,1.12,853.0,0,0
9.16,16,0.064,2,5.93,834.1,0,0
97.2,10,0.3849,2,20.06,947.2,0,0
52.43,0,0.2956,1,61.68,1284.1,0,1
78.6,11,0.2648,2,13.86,795.6,0,0
62.93,17,0.3798,2,0.72,288.8,0,0
18.39,12,0.3199,3,44.64,981.1,0,0
11.61,9,0.2988,2,4.32,1501.2,0,0
23.55,13,0.4436,1,0.59,686.8,1,0
74.32,17,0.0736,1,12.03,669.5,0,0
83.19,7,0.4439,3,34.49,637.8,0,0
13.05,16,0.2602,1,3.62,740.8,0,0
18.49,16,0.5283,1,9.24,850.9,0,0
23.31,12,0.5044,1,37.48,942.3,0,0
32.41,22,0.2935,1,9.76,530.7,0,0
13.12,20,0.1067,1,7.75,547.9,0,0
12.43,11,0.0966,2,30.74,138.9,0,0
21.33,2,0.0896,2,2.75,288.4,1,0
48.31,11,0.4815,1,3.4,604.3,0,0
15.45,9,0.3968,3,3.42,858.2,0,0
40.28,14,0.167,2,6.39,583.7,0,0
115.9,21,0.2289,2,6.47,1023.6,0,0
13.85,20,0.1737,0,10.58,509.6,0,0
37.12,11,0.243,4,39.6,525.2,0,0
112.42,13,0.4897,5,1.29,1176.3,1,1
30.68,3,0.2092,6,2.63,844.2,1,1
26.67,14,0.2153,2,23.75,1098.3,0,0
127.38,5,0.0486,1,6.25,863.9,0,0
33.93,21,0.4845,3,14.79,759.4,0,0
120.79,19,0.3121,0,3.24,851.5,0,0
65.76,9,0.263,4,21.46,387.2,0,0
32.83,17,0.496,6,69.43,216.5,0,1
68.84,15,0.3898,3,4.63,366.2,0,0
59.64,18,0.1439,2,26.42,284.4,0,0
112.03,13,0.1829,1,11.22,834.9,0,0
27.29,9,0.2341,3,43.77,1187.9,0,0
46.39,16,0.0651,5,17.61,380.5,0,0
42.29,6,0.2946,1,10.5,809.7,0,0
84.25,15,0.507,1,8.45,1399.0,0,1
17.77,9,0.0784,3,43.76,1068.3,0,0
111.64,16,0.4455,2,8.74,879.0,0,0
68.01,19,0.3123,0,1.95,724.8,0,0
13.66,7,0.2904,3,1.08,844.5,0,0
132.61,12,0.2433,0,18.44,775.1,0,0
333.85,17,0.4654,0,4.68,667.8,0,0
110.13,8,0.1767,1,5.68,418.5,0,0
161.46,15,0.2564,2,17.18,522.8,1,1
48.27,16,0.3693,1,91.94,815.2,0,0
10.02,11,0.1034,1,41.51,1140.9,0,0
8.5,19,0.3251,2,34.42,387.6,0,0
56.24,14,0.611,0,8.22,1723.6,1,0
26.24,16,0.1651,4,63.25,272.7,0,0
19.63,8,0.3933,2,3.79,451.7,0,0
42.25,2,0.2333,1,10.65,832.0,0,0
77.79,4,0.0938,3,0.16,981.3,0,0
12.09,20,0.482,2,10.67,527.1,0,0
29.84,20,0.229,2,1.49,735.5,0,0
173.97,18,0.1001,7,94.57,667.2,0,1
16.98,9,0.4773,2,13.46,608.7,0,0
97.79,14,0.6214,1,34.58,448.0,0,1
28.9,18,0.532,0,5.39,822.4,0,0
73.06,16,0.2382,1,0.42,843.8,0,0
120.01,7,0.2737,4,5.22,722.8,0,0
87.11,20,0.428,0,0.33,1024.7,0,0
101.32,8,0.3462,2,0.23,821.4,0,0
15.86,9,0.3657,2,7.8,489.3,0,0
121.79,20,0.1297,1,16.56,1406.9,0,0
20.75,13,0.1978,2,19.91,923.4,0,0
56.46,12,0.2465,1,21.45,618.9,0,0
56.4,14,0.0608,4,6.91,572.8,0,0
69.17,23,0.2866,4,32.87,568.0,1,0
60.54,7,0.2242,2,19.38,403.9,0,0
20.92,17,0.4915,2,4.05,514.6,0,0
13.26,11,0.6238,2,0.6,775.2,0,0
98.01,7,0.1544,2,2.87,938.2,0,0
52.84,12,0.3588,2,7.5,1323.5,0,0
125.77,14,0.1263,0,38.1,624.6,0,0
42.94,9,0.217,2,3.53,810.6,0,0
12.62,12,0.2487,4,30.81,802.0,1,0
106.65,16,0.1711,1,6.05,511.7,0,0
32.03,15,0.2351,3,28.88,896.1,0,0
60.81,17,0.1537,3,52.28,343.3,1,1
24.96,19,0.1672,2,15.47,687.4,0,0
196.34,12,0.6079,2,20.7,621.5,0,1
20.31,12,0.2767,2,27.1,530.6,0,0
32.99,14,0.3683,2,7.02,843.5,0,0
49.24,15,0.1073,0,1.91,1326.7,0,0
16.73,7,0.2601,4,1.4,1086.8,0,0
60.19,11,0.1023,3,15.34,793.0,0,0
190.7,9,0.5184,1,32.91,1047.0,0,0
28.75,12,0.4371,4,0.3,1517.1,0,0
63.79,22,0.1112,3,1.54,493.3,0,0
3.76,15,0.23,1,3.36,684.8,0,0
43.16,13,0.2521,2,81.17,885.8,0,0
33.73,15,0.1134,2,19.72,919.8,0,0
21.4,16,0.2504,2,9.16,626.6,0,0
118.31,13,0.5213,0,26.64,800.1,0,0
33.33,13,0.2609,1,7.95,643.6,0,0
38.1,17,0.4118,3,7.5,707.1,0,0
31.83,5,0.3156,3,10.63,288.0,0,0
7.96,14,0.2843,1,16.57,1325.9,0,0
16.14,14,0.0745,0,0.24,255.3,0,0
106.16,17,0.1266,3,0.05,552.1,0,0
6.69,23,0.227,0,51.61,938.5,0,0
22.43,18,0.195,0,1.52,1149.7,0,0
31.19,14,0.5975,2,16.03,638.9,0,0
214.7,9,0.3626,1,12.06,992.3,0,0
89.28,15,0.1376,2,10.61,691.1,0,0
27.07,19,0.5013,3,63.09,836.1,0,0
144.61,21,0.3981,2,81.18,566.3,0,1
22.95,19,0.067,0,3.4,945.8,0,0
110.85,9,0.2605,3,15.37,379.9,0,1
13.16,17,0.5582,0,74.13,1695.6,0,0
117.44,20,0.107,4,2.16,516.2,0,0
31.02,16,0.2383,3,31.96,403.2,0,0
17.71,16,0.5586,2,0.44,714.3,0,0
36.77,14,0.3649,3,11.3,606.6,0,0
57.38,16,0.196,1,1.76,1316.2,0,0
28.64,10,0.165,5,15.37,1558.0,1,0
73.59,6,0.5897,4,9.64,525.4,0,0
26.45,19,0.0629,4,0.03,884.2,0,0
78.13,21,0.4543,2,25.71,839.1,1,1
66.55,19,0.2485,4,23.5,870.3,0,0
42.32,11,0.3781,2,8.52,449.4,0,0
30.05,6,0.3302,2,6.07,442.5,0,0
51.23,10,0.2404,3,18.14,749.7,0,0
73.35,19,0.2316,4,17.72,850.4,1,1
285.89,16,0.4868,1,16.4,357.7,0,1
104.11,22,0.5139,0,2.27,554.7,0,0
107.6,11,0.0817,2,2.98,672.1,0,0
720.3,14,0.465,3,11.78,1176.2,0,1
71.12,18,0.2871,2,1.94,1031.4,0,0
69.14,10,0.3394,2,0.87,1300.9,0,0
84.24,22,0.3057,3,1.12,712.7,0,0
18.03,15,0.2255,4,30.66,586.2,0,0
29.98,0,0.2356,5,0.62,1262.4,0,0
28.34,2,0.0486,2,20.94,700.7,0,0
80.07,20,0.4789,1,0.61,315.0,0,0
38.22,16,0.1608,5,2.92,942.9,0,0
50.62,18,0.3842,3,25.68,246.2,0,0
118.95,18,0.2013,2,14.45,686.3,0,0
97.21,12,0.066,1,8.08,116.2,0,0
38.65,18,0.4539,3,1.91,705.5,0,0
24.46,21,0.3751,5,3.02,696.3,0,0
124.18,9,0.184,3,6.72,314.5,0,1
89.7,18,0.2922,2,52.88,743.7,0,0
10.53,11,0.6152,2,15.9,1244.1,0,0
33.72,11,0.0951,2,36.44,561.6,0,0
51.88,12,0.3609,0,11.8,1026.2,0,0
90.1,19,0.1124,3,5.24,332.3,1,0
101.4,2,0.038,5,28.79,354.1,0,0
57.71,13,0.1529,3,19.32,456.1,0,0
75.7,16,0.1349,4,12.96,511.7,0,0
47.36,7,0.4795,2,60.26,1021.2,0,0
24.37,18,0.1859,1,3.24,749.7,0,0
35.33,21,0.2074,1,88.76,292.2,0,0
45.47,6,0.2454,1,1.62,786.1,0,0
43.33,8,0.3373,3,0.78,785.0,0,0
8.19,22,0.4363,1,12.35,117.6,0,0
31.26,9,0.09,2,11.73,1300.5,0,0
47.02,6,0.4032,0,1.39,480.3,0,0
34.7,21,0.4089,4,0.64,1018.4,0,0
35.8,20,0.4329,3,3.07,913.2,0,0
69.35,16,0.3864,3,49.93,396.5,0,0
16.93,14,0.0704,2,14.42,1185.5,0,0
10.33,21,0.3285,3,18.44,847.6,0,0
32.68,16,0.395,0,1.03,1181.2,0,0
88.92,16,0.3241,2,9.56,1459.2,0,0
204.14,19,0.0516,2,0.69,447.6,0,0
90.37,16,0.1317,1,27.07,817.8,0,0
11.92,14,0.1752,2,8.68,334.4,0,0
36.27,12,0.603,4,2.38,1176.0,1,1
56.32,14,0.4459,0,11.83,286.3,0,0
52.45,14,0.3986,2,13.37,379.4,0,0
72.63,11,0.2626,4,21.34,542.8,0,0
19.58,13,0.4449,1,29.71,702.2,0,0
47.39,18,0.4133,2,21.45,1040.2,0,0
65.25,12,0.3507,1,2.73,303.0,0,0
93.98,2,0.5788,3,19.52,811.7,0,1
21.65,10,0.4571,3,22.05,528.2,0,0
32.76,10,0.4752,2,30.26,689.5,0,0
3.92,18,0.2604,1,14.86,1279.5,1,0
25.55,13,0.6595,0,5.42,743.6,0,0
27.88,10,0.7102,5,11.25,908.5,0,0
17.86,18,0.1771,1,11.22,241.0,0,0
51.89,1,0.0465,2,0.88,479.9,1,0
42.51,9,0.4993,0,5.21,704.8,0,0
5.85,19,0.3614,1,0.72,341.3,0,0
54.27,14,0.117,4,13.37,277.0,0,0
19.39,18,0.0925,3,7.02,486.7,0,0
69.21,19,0.2721,0,31.86,704.1,0,0
14.1,21,0.1738,2,35.62,1010.2,0,0
45.92,5,0.2757,3,12.84,1012.8,0,0
34.64,18,0.4431,3,3.56,660.2,0,0
58.72,17,0.0534,2,4.59,748.6,0,0
50.01,9,0.0315,0,58.23,317.2,0,0
35.53,21,0.235,1,3.55,1621.2,0,0
11.22,12,0.1977,1,14.25,1354.2,0,0
11.83,20,0.3838,0,8.68,838.9,1,0
26.43,15,0.1036,5,35.94,610.3,0,0
44.37,14,0.345,4,3.5,1157.1,0,0
25.86,8,0.3371,3,40.35,1636.3,0,0
78.47,21,0.4612,4,10.47,894.8,0,0
34.77,14,0.4741,2,61.06,1018.9,0,1
18.76,0,0.1673,1,18.85,537.8,0,0
34.8,1,0.3028,3,18.8,353.3,0,0
54.78,18,0.1579,3,12.69,671.2,0,0
59.88,8,0.2478,0,17.79,948.7,0,0
242.39,15,0.1836,1,17.32,312.0,0,0
24.48,16,0.3894,2,31.62,1569.4,0,0
41.84,10,0.7483,2,11.86,914.9,0,0
65.6,15,0.0568,0,13.66,1015.4,0,0
43.77,10,0.438,2,16.19,239.3,1,1
28.49,21,0.3025,0,14.31,557.7,0,0
11.09,19,0.3737,2,21.76,750.7,0,0
28.23,10,0.1372,4,3.56,390.8,0,0
17.01,14,0.0501,2,27.11,1885.7,0,0
9.45,14,0.1675,1,62.06,1310.6,0,0
21.84,22,0.1541,5,0.08,770.5,0,0
17.42,12,0.5239,1,27.48,1081.8,0,0
75.6,15,0.3514,0,1.84,611.7,0,0
76.78,21,0.2477,1,33.84,1203.1,0,0
19.82,8,0.2652,2,38.4,674.2,0,0
35.37,14,0.5786,5,9.52,1520.3,0,0
8.39,7,0.2873,1,36.23,518.7,0,0
28.65,15,0.4064,3,7.99,344.5,0,0
64.01,12,0.5884,2,92.83,710.1,0,1
93.92,22,0.4202,3,13.49,493.7,1,1
23.53,12,0.2641,4,0.44,898.5,0,0
115.2,8,0.0629,3,0.01,447.1,0,0
11.43,19,0.1287,0,6.75,1888.9,0,0
14.54,18,0.116,2,10.12,336.3,0,0
84.66,17,0.3609,4,34.42,919.0,0,0
201.14,17,0.5037,4,25.79,605.2,0,1
69.69,10,0.226,2,34.53,1411.6,0,1
43.11,16,0.1207,1,52.97,624.3,0,0
6.2,3,0.3178,0,75.21,621.2,0,0
7.24,9,0.3174,0,3.11,594.2,0,0
50.22,21,0.1807,1,13.51,934.1,0,0
32.39,17,0.5564,5,23.06,588.8,0,0
16.52,9,0.5455,2,44.86,544.7,0,0
47.42,7,0.2412,0,54.35,330.8,0,0
49.58,21,0.3038,1,4.91,465.2,0,0
104.58,7,0.2199,1,105.07,1065.4,0,0
50.55,10,0.2439,0,9.97,497.2,0,0
135.04,9,0.2715,2,50.56,3321.0,0,0
45.02,0,0.1113,1,10.57,789.5,0,0
40.29,11,0.2492,4,0.53,252.9,0,0
116.5,22,0.4145,3,27.47,1040.9,0,1
18.53,11,0.0997,5,23.13,2093.3,0,0
562.84,14,0.0764,4,8.27,383.4,0,1
62.66,17,0.345,2,6.96,437.4,0,0
62.98,14,0.054,2,14.61,633.8,0,0
71.71,17,0.3551,2,33.94,280.5,0,0
242.12,16,0.2525,4,11.11,404.6,0,0
91.22,15,0.2614,3,20.6,1010.4,0,0
10.54,16,0.2665,2,92.64,720.9,0,0
158.08,18,0.022,2,4.67,722.6,0,0
32.89,17,0.2615,1,9.89,252.6,0,0
49.23,18,0.1202,3,3.08,332.6,0,0
14.14,8,0.3288,3,12.45,562.1,0,0
71.78,16,0.2823,0,45.52,1306.7,0,0
24.87,17,0.2073,3,88.96,547.7,0,0
48.92,11,0.1951,3,16.17,802.8,0,0
34.62,20,0.3734,5,33.54,496.1,0,0
252.78,11,0.5982,2,26.99,717.6,0,1
266.14,10,0.4033,2,27.71,1611.9,0,1
46.61,19,0.3491,0,17.12,868.9,0,0
47.35,10,0.0618,4,20.03,628.1,0,0
31.94,12,0.2352,0,3.01,978.7,0,0
120.95,12,0.4079,0,4.56,964.7,0,0
33.25,20,0.1217,2,0.33,915.4,0,0
30.59,13,0.1913,0,2.88,553.9,0,0
107.85,17,0.5146,2,18.73,301.4,0,0
27.54,18,0.2367,3,5.05,669.7,0,0
43.21,16,0.5879,2,15.52,409.5,0,0
10.77,21,0.6865,1,1.11,381.7,0,0
84.25,18,0.4597,2,9.3,795.0,0,0
256.41,12,0.0989,2,38.51,705.9,0,0
85.55,21,0.5637,2,25.11,977.8,1,1
166.6,14,0.0808,3,33.04,908.2,0,0
20.87,2,0.3158,2,14.8,965.8,0,0
55.3,10,0.2272,1,16.8,1947.6,0,0
19.13,15,0.2478,1,23.4,2435.6,0,0
36.42,8,0.3744,3,11.03,556.8,0,0
89.57,15,0.1119,0,1.23,882.4,0,0
48.99,11,0.4707,2,41.6,784.8,0,0
12.54,14,0.1575,0,30.75,244.9,0,0
13.69,0,0.2906,4,36.19,662.6,0,0
12.9,19,0.0626,0,2.03,249.9,0,0
69.57,11,0.1687,1,13.21,385.8,0,0
286.43,8,0.1184,2,43.09,1062.1,0,0
152.35,13,0.1696,2,36.12,537.4,0,0
8.11,13,0.2005,2,5.32,463.9,0,0
160.61,16,0.1668,0,9.54,1279.6,0,0
103.83,14,0.2669,3,11.31,832.1,0,0
11.13,3,0.0378,3,5.44,926.3,0,0
34.03,20,0.3094,2,3.53,798.5,0,0
119.82,13,0.1463,3,6.26,404.9,0,0
73.36,6,0.4342,0,9.01,326.2,0,0
13.76,18,0.1937,2,5.07,922.9,0,0
77.45,16,0.3267,5,0.28,1215.4,0,0
6.53,16,0.1151,1,6.79,623.6,0,0
36.58,12,0.386,3,26.67,1233.8,0,0
124.48,12,0.1642,1,15.0,628.3,0,0
45.45,14,0.2556,4,12.12,568.5,0,0
28.53,4,0.3314,1,13.54,765.4,1,1
99.53,11,0.5387,1,25.9,447.7,0,0
107.48,23,0.1808,1,3.47,1005.8,0,0
145.33,16,0.1248,0,14.59,1267.8,0,0
98.19,12,0.2678,2,17.14,408.2,0,0
118.3,9,0.1595,3,1.57,551.9,0,0
86.45,17,0.4701,1,3.01,1265.8,0,0
56.77,10,0.0726,2,1.32,491.4,0,0
48.45,8,0.314,1,36.42,480.3,0,0
36.11,8,0.2649,3,81.0,1494.8,0,0
15.01,17,0.3294,5,5.33,1647.4,0,0
18.92,16,0.2296,5,8.99,806.1,0,0
34.68,6,0.1355,1,6.39,772.9,0,0
55.55,7,0.1662,1,6.16,1673.8,0,0
163.49,16,0.0813,2,4.12,1300.0,0,0
43.05,15,0.2561,2,1.83,1701.1,0,0
110.29,16,0.1952,1,12.82,530.5,0,0
118.08,9,0.2672,0,25.56,602.8,0,0
36.3,17,0.1829,3,2.33,231.8,0,0
76.34,21,0.2193,0,5.51,258.1,0,0
35.9,15,0.4068,3,27.78,281.2,0,0
146.93,9,0.1014,4,9.25,611.6,0,0
79.22,16,0.3199,3,10.04,448.8,0,0
15.31,11,0.4364,0,11.72,797.6,1,0
51.7,4,0.1015,2,37.15,511.4,0,0
197.02,11,0.1949,0,3.13,1409.2,0,0
37.97,20,0.2796,0,1.37,428.7,0,0
66.88,12,0.7324,0,9.46,218.6,0,0
73.06,19,0.0454,0,7.56,324.9,0,0
17.58,14,0.048,3,27.27,1315.2,1,0
70.78,14,0.554,3,13.08,431.1,0,1
12.75,0,0.2946,0,5.77,1040.6,0,0
25.46,16,0.0948,1,1.25,788.2,0,0
117.7,7,0.1734,0,64.33,1219.1,0,0
61.63,13,0.4309,1,1.58,1487.8,0,1
33.99,10,0.089,0,13.92,823.8,1,0
66.81,12,0.2468,2,2.35,835.3,0,0
42.35,14,0.1521,2,33.0,164.9,0,0
45.21,1,0.1184,0,6.1,754.1,0,0
80.73,10,0.1531,1,1.87,557.5,1,0
23.23,23,0.3226,2,1.5,227.0,0,0
46.35,5,0.2089,1,3.77,974.7,0,0
33.75,11,0.4172,2,39.74,1042.4,0,0
10.73,11,0.4507,3,38.55,348.2,0,1
19.52,12,0.3826,0,5.58,664.9,0,0
183.35,16,0.2841,0,11.45,1363.4,0,0
63.2,10,0.3128,3,8.99,1044.7,0,0
13.58,13,0.1504,0,25.98,876.6,0,0
11.18,16,0.5987,1,9.24,941.6,0,0
40.41,11,0.3391,2,18.54,148.1,0,0
182.19,21,0.3048,1,8.67,727.7,0,0
37.79,23,0.1893,3,0.29,501.2,0,0
144.94,7,0.5697,0,4.7,1483.3,0,0
61.36,11,0.198,1,9.06,1943.2,1,0
68.31,9,0.4495,1,14.43,506.1,1,1
13.43,9,0.3587,3,7.26,1584.7,1,0
103.94,13,0.3563,5,9.94,1009.3,1,1
33.07,15,0.1404,1,9.6,151.9,0,0
97.2,12,0.0642,0,0.42,1379.5,0,0
21.48,10,0.5142,6,11.84,1210.9,0,0
52.42,10,0.6831,2,33.61,729.7,0,1
61.36,23,0.2279,4,2.05,1009.6,0,0
38.91,21,0.171,3,35.25,1070.4,0,0
64.33,6,0.3508,2,3.96,1478.7,0,0
35.17,16,0.3267,3,74.09,1494.0,0,0
24.92,13,0.5291,5,42.41,582.7,0,1
189.6,16,0.1191,2,3.86,473.2,0,0
114.9,15,0.2349,0,16.14,500.6,0,0
22.54,20,0.2165,2,11.84,466.1,0,0
74.56,6,0.0491,1,30.23,596.9,0,0
22.91,11,0.0843,0,15.06,609.9,0,0
15.39,23,0.1657,4,23.55,444.2,0,0
113.34,9,0.4604,4,25.1,667.2,0,1
9.64,7,0.2308,1,57.41,1373.6,0,0
102.94,17,0.4271,2,15.35,751.9,0,0
35.61,18,0.2996,2,0.24,348.4,0,0
36.95,16,0.5088,3,25.17,517.6,0,0
64.64,18,0.0129,1,6.46,1682.2,0,0
75.42,17,0.1025,2,8.22,1337.0,0,0
21.25,8,0.4647,2,3.06,446.3,0,0
85.28,15,0.2714,1,10.28,1486.5,0,0
49.5,18,0.3685,1,12.23,1087.2,0,0
14.43,19,0.2827,1,1.05,1606.5,0,0
38.36,10,0.3601,2,29.83,273.3,0,0
154.96,7,0.3611,2,1.74,532.0,0,0
202.13,18,0.3428,2,7.26,1123.6,0,0
85.25,10,0.1224,3,19.92,921.5,0,0
15.31,2,0.0762,0,8.72,1533.5,1,0
69.52,19,0.0898,2,12.5,1226.2,0,0
96.14,14,0.4337,5,115.62,257.1,1,1
85.9,11,0.451,2,9.39,993.4,0,0
90.6,1,0.5097,4,23.55,1268.2,0,1
61.99,3,0.2054,2,31.72,400.4,0,0
41.88,18,0.4235,3,13.42,801.2,0,0
25.85,13,0.7218,5,42.33,432.8,0,1
8.1,8,0.5889,0,49.84,896.1,0,0
60.68,11,0.15,0,12.58,659.6,0,0
52.85,9,0.1774,1,23.75,746.9,0,0
73.83,7,0.1918,5,3.43,1268.8,0,0
13.41,10,0.0971,1,44.53,576.6,0,0
79.88,14,0.2425,2,19.11,621.9,0,0
284.03,9,0.1956,3,9.1,645.9,1,1
47.97,11,0.1745,2,10.61,848.7,0,0
42.29,13,0.7854,3,11.64,583.8,0,0
59.03,12,0.2347,3,9.55,478.1,0,0
278.41,7,0.6886,1,10.62,1135.2,0,1
17.79,3,0.2569,3,5.34,619.9,0,0
53.67,3,0.3085,2,15.41,702.6,0,0
21.77,11,0.3375,2,3.82,1031.6,0,0
27.32,17,0.2491,1,48.39,544.7,0,0
42.75,7,0.1569,6,24.88,341.1,0,1
150.29,18,0.1452,3,16.51,1464.6,1,1
226.08,17,0.1332,4,53.04,915.0,0,0
66.91,0,0.6006,2,1.15,742.9,0,0
31.85,2,0.1435,2,11.5,780.5,0,0
421.35,9,0.5803,4,49.94,1618.2,0,1
30.42,5,0.483,3,13.36,1039.4,0,0
26.74,14,0.3295,4,17.46,139.0,0,0
9.05,3,0.1279,3,1.4,735.5,0,0
157.04,18,0.1721,5,8.66,782.1,0,1
106.85,13,0.2138,2,1.86,745.1,0,0
393.87,17,0.3986,2,66.92,229.4,0,0
12.8,17,0.3811,2,26.1,386.9,0,0
166.06,14,0.0324,1,16.71,268.9,0,0
47.61,21,0.1924,0,58.23,1748.2,0,0
92.34,23,0.1884,2,9.29,751.9,0,0
10.15,11,0.1916,0,28.17,817.5,0,0
167.55,7,0.4888,1,4.99,671.9,0,0
90.73,12,0.2392,2,6.8,297.3,0,0
43.16,9,0.083,1,4.13,444.7,0,0
79.89,14,0.422,1,45.35,477.7,0,0
22.44,12,0.2642,2,42.18,1752.6,0,0
26.54,13,0.5375,3,1.48,681.8,0,0
29.46,18,0.3321,3,32.54,538.3,0,0
8.44,10,0.2711,4,17.83,1233.6,0,0
97.08,14,0.1406,1,9.63,624.4,0,0
130.64,11,0.4964,0,12.17,347.5,1,1
23.78,18,0.357,4,48.78,438.8,0,0
61.15,16,0.2166,2,23.33,1227.8,0,0
35.2,0,0.3062,0,9.64,557.6,0,0
60.07,16,0.0301,0,9.58,856.2,0,0
25.41,9,0.2166,3,4.4,679.9,0,0
20.18,17,0.3922,0,17.01,1074.8,0,0
115.22,15,0.3029,0,5.13,629.0,0,0
42.2,12,0.2989,3,38.74,481.6,0,0
275.86,17,0.3423,2,10.99,432.6,0,0
46.6,19,0.4124,2,24.87,1127.7,0,0
19.42,18,0.332,0,64.91,539.1,0,0
134.86,14,0.3138,3,16.52,831.0,0,1
78.86,17,0.2519,3,1.23,1328.4,0,0
85.99,12,0.1847,3,11.49,746.2,1,0
130.52,18,0.5041,1,27.43,905.2,0,0
24.84,19,0.2192,6,101.57,545.5,0,0
39.86,8,0.1499,2,25.36,627.6,0,0
38.31,10,0.1784,2,16.04,1345.5,0,0
13.99,10,0.1462,2,80.45,1067.7,0,0
35.26,9,0.2827,0,7.71,666.9,0,0
148.82,12,0.1361,3,6.76,751.2,0,0
55.35,9,0.246,3,8.72,650.5,1,0
13.31,15,0.5379,1,7.1,1004.6,0,0
11.02,7,0.3271,1,11.85,529.1,1,0
200.0,10,0.2651,4,15.16,1003.7,0,0
41.21,16,0.0713,3,3.09,1586.7,0,0
24.96,12,0.3003,2,35.26,792.7,0,0
34.93,12,0.0175,1,24.59,363.6,0,0
11.83,18,0.4218,1,25.62,693.3,0,0
160.9,23,0.0542,2,33.66,1519.9,0,0
31.38,15,0.0578,0,34.82,748.9,0,0
153.03,6,0.3206,1,14.17,411.9,0,0
46.83,7,0.2649,3,35.75,676.9,0,0
161.84,22,0.4429,0,5.72,1398.2,0,0
56.32,16,0.433,1,106.55,530.5,0,0
96.34,17,0.1517,2,35.41,1411.2,0,0
85.39,16,0.2584,4,2.85,649.6,0,0
78.33,9,0.2229,1,4.29,2123.6,0,0
61.14,13,0.5214,1,21.3,559.2,0,0
36.25,18,0.3243,1,5.57,461.5,1,0
250.61,19,0.2108,1,18.63,159.0,0,0
19.76,10,0.2325,3,17.11,706.4,0,0
44.87,15,0.0366,1,7.39,641.2,0,0
45.3,8,0.5569,2,0.35,1513.8,0,0
64.21,22,0.6285,0,1.55,1142.6,0,0
30.37,10,0.611,1,8.62,1378.2,0,0
59.34,17,0.1075,0,3.91,1225.8,0,0
38.4,10,0.3777,3,14.73,720.5,0,1
10.76,15,0.4159,1,32.96,3787.7,0,0
45.09,16,0.4273,3,3.95,688.0,0,1
16.6,11,0.1899,2,17.46,903.9,0,0
9.38,18,0.297,2,6.71,1757.3,0,0
50.56,20,0.2676,3,10.57,1161.6,0,0
69.35,19,0.4084,1,7.88,793.0,0,0
71.81,11,0.4381,1,40.83,984.3,1,1
74.47,17,0.1704,4,12.5,526.7,1,0
7.85,14,0.1221,3,4.65,605.0,0,0
13.13,15,0.3686,3,59.25,902.4,0,0
264.06,13,0.0333,2,0.45,413.4,0,0
17.42,15,0.4746,1,7.2,503.3,1,0
77.46,8,0.4141,3,35.72,242.0,0,1
24.09,12,0.5218,1,25.9,736.5,0,1
48.02,9,0.2554,1,40.87,791.2,0,0
25.28,10,0.2462,1,26.45,1252.5,0,0
74.1,7,0.2374,2,11.53,458.0,0,0
50.56,9,0.2753,6,53.75,607.7,1,1
29.86,18,0.18,0,6.63,1090.8,0,0
17.37,14,0.2341,3,22.41,1192.1,0,0
56.88,2,0.5153,3,41.31,1163.3,0,0
15.01,18,0.5984,1,5.76,479.7,0,0
65.68,20,0.1123,3,7.82,274.9,1,0
475.25,20,0.1018,2,22.56,782.3,0,1
150.68,18,0.6822,1,3.76,722.4,0,0
85.33,23,0.2006,2,12.71,810.9,0,0
41.39,15,0.0531,2,0.68,883.5,0,0
7.81,22,0.3639,4,24.44,959.7,1,0
13.6,21,0.1984,3,25.7,964.8,0,0
141.81,11,0.0955,5,56.26,615.3,0,0
21.96,19,0.284,1,0.47,668.0,0,0
23.82,18,0.2233,4,50.61,562.6,0,0
38.51,18,0.3066,3,19.22,1107.5,0,0
17.19,20,0.1154,6,4.42,409.7,0,0
14.82,12,0.5358,2,30.36,1695.8,0,0
42.72,12,0.3866,3,61.54,732.3,0,0
20.04,16,0.266,1,16.46,728.0,0,0
22.94,17,0.3241,3,8.49,659.7,0,0
22.13,20,0.2958,5,25.59,1126.2,0,0
71.53,20,0.3235,2,20.93,767.5,0,0
36.27,17,0.2422,1,6.82,579.6,0,0
38.06,22,0.3381,4,1.96,1098.3,0,1
76.5,9,0.3427,1,23.96,524.4,0,0
39.34,21,0.0734,4,21.57,1138.8,0,0
34.8,5,0.3116,2,21.76,320.2,0,0
68.27,14,0.3501,2,29.78,1384.9,0,0
81.56,6,0.2666,1,30.57,512.0,0,0
39.16,15,0.2116,2,9.04,375.0,0,0
48.06,12,0.4632,1,15.03,637.4,0,0
22.12,6,0.0308,1,7.72,591.1,0,0
20.6,16,0.2481,0,12.69,887.3,0,0
89.32,17,0.429,3,11.8,363.5,0,0
66.72,9,0.306,2,0.77,873.7,0,0
67.34,17,0.0743,3,92.1,633.7,0,1
57.56,9,0.2169,3,31.19,765.6,0,0
46.6,8,0.2072,2,11.27,408.4,0,0
83.66,8,0.3111,1,6.15,740.4,0,0
103.71,15,0.1665,3,17.51,517.2,0,0
101.5,18,0.2469,3,20.58,290.8,0,0
40.83,15,0.2585,0,24.05,1002.9,0,0
155.76,18,0.2144,4,34.83,468.1,0,0
54.91,15,0.2374,5,3.59,875.5,0,0
78.98,18,0.0372,0,4.54,471.8,0,0
57.62,22,0.0351,3,9.31,729.2,0,0
55.83,12,0.1688,2,0.11,2003.2,1,1
23.05,8,0.2772,2,3.43,1231.6,1,0
84.03,8,0.6763,2,0.47,1606.4,0,0
578.69,15,0.3679,2,15.97,1266.5,0,0
31.9,14,0.4228,2,23.81,718.5,1,1
47.65,9,0.0902,3,2.13,1126.4,0,0
29.92,20,0.2793,0,17.31,671.0,0,0
28.81,22,0.2687,2,7.14,361.5,0,0
179.47,10,0.2146,5,8.78,827.7,0,0
24.39,9,0.171,3,5.36,304.4,0,0
29.18,9,0.2919,2,14.23,658.5,0,0
10.71,12,0.4291,1,0.75,1321.1,1,1
22.6,19,0.094,2,38.14,1195.1,0,0
9.61,15,0.49,1,60.29,663.2,0,0
78.93,6,0.3256,5,3.47,1602.7,0,1
555.42,13,0.2003,3,17.33,937.1,0,0
32.14,6,0.1276,0,2.88,1031.4,0,0
9.97,12,0.3325,1,7.14,590.5,0,0
100.48,12,0.0921,3,18.3,1110.4,0,0
23.24,16,0.3119,3,38.71,686.7,0,0
143.94,14,0.363,3,4.77,434.6,0,0
34.68,20,0.022,4,7.06,941.2,0,0
25.31,1,0.3208,2,4.1,743.3,0,0
38.09,18,0.0553,1,38.46,717.0,0,0
88.41,2,0.0126,2,22.54,983.0,0,0
36.43,11,0.2216,5,1.28,309.5,0,0
28.59,20,0.2915,1,38.56,534.6,0,0
37.38,16,0.2505,1,59.81,882.7,0,0
14.23,9,0.3371,1,1.95,412.0,0,0
63.9,13,0.488,0,10.12,488.2,0,0
8.95,17,0.4933,6,7.41,1108.7,0,0
29.97,21,0.1894,0,6.64,364.3,0,0
88.54,16,0.1709,1,17.3,1229.6,0,0
58.72,2,0.1765,3,50.88,993.8,1,1
76.04,14,0.123,5,39.95,1043.6,0,0
42.16,8,0.2674,2,6.48,390.3,0,0
128.09,4,0.5171,1,41.26,1253.6,0,1
102.74,15,0.4866,3,2.64,814.0,0,0
66.79,18,0.2167,1,61.15,1618.5,0,0
103.01,3,0.14,3,15.38,1005.5,0,0
87.83,18,0.222,2,44.71,712.1,0,1
30.1,17,0.3037,2,23.22,324.0,0,0
13.34,17,0.3242,2,18.74,901.4,0,0
65.26,10,0.2947,5,59.09,1174.2,0,1
73.07,12,0.2482,1,12.38,1100.3,0,0
119.27,7,0.2742,2,36.0,424.9,0,1
19.25,10,0.6484,0,7.94,1583.6,0,0
19.77,11,0.661,2,23.25,544.8,0,0
67.62,11,0.2271,1,18.36,1218.9,0,0
41.93,9,0.2197,6,1.24,461.9,1,1
8.19,9,0.1958,1,12.02,171.0,0,0
62.65,20,0.5576,1,10.34,459.4,1,1
8.44,18,0.4322,2,8.79,474.5,0,0
19.09,11,0.0898,1,28.61,479.4,0,0
150.88,21,0.405,0,10.82,355.7,0,0
230.99,10,0.5094,2,1.11,421.2,0,1
14.97,12,0.4852,2,20.72,192.8,0,0
33.23,18,0.1368,4,40.19,249.5,0,0
46.45,13,0.3342,2,4.4,1775.8,0,0
222.09,10,0.1897,4,12.97,864.6,0,0
28.69,12,0.2005,3,13.88,728.2,0,0
29.1,14,0.1841,4,4.78,858.0,0,0
180.16,15,0.0559,2,32.48,581.6,0,0
31.9,12,0.2811,0,5.66,704.8,0,0
85.63,13,0.2658,3,22.97,611.2,0,0
11.83,10,0.2893,3,5.19,947.1,0,0
38.32,14,0.3857,0,20.49,1146.4,0,0
10.04,9,0.4831,2,29.19,173.6,0,0
17.29,19,0.0489,2,31.75,495.1,0,0
95.13,17,0.1131,1,12.7,414.2,0,0
42.74,12,0.1403,1,3.91,550.0,0,0
33.54,17,0.5337,4,13.44,504.7,0,0
22.79,0,0.3959,6,53.73,955.6,0,0
36.65,11,0.3076,0,34.38,735.0,0,0
58.62,13,0.2673,2,12.21,441.2,0,0
108.27,13,0.051,3,17.07,1819.5,0,0
4.21,17,0.3848,0,11.63,243.9,1,0
21.15,22,0.2657,3,0.48,1039.3,1,0
51.58,12,0.1003,4,73.84,496.3,0,1
40.9,11,0.1942,1,19.58,603.1,1,0
64.27,15,0.0995,2,17.19,894.8,0,0
56.87,10,0.3747,1,15.34,145.9,0,0
33.97,8,0.2111,2,18.45,904.8,0,0
27.82,22,0.3153,5,25.63,1118.5,0,0
35.84,18,0.4222,3,7.89,1272.9,0,0
125.7,22,0.1245,1,6.23,474.7,0,0
23.13,9,0.0603,3,20.93,1040.8,0,0
42.24,1,0.0607,1,30.43,1185.5,0,0
52.72,13,0.3195,0,1.15,1162.0,1,0
182.06,21,0.5064,2,10.68,803.4,0,0
34.11,8,0.3369,1,13.2,1300.8,0,0
105.95,7,0.168,3,58.18,1962.6,0,0
135.47,6,0.2785,2,23.21,716.6,0,1
42.21,18,0.0542,2,12.34,491.6,0,0
36.98,18,0.18,2,47.01,825.7,0,0
33.24,17,0.5345,0,61.66,581.7,0,0
35.51,4,0.2155,3,4.6,544.5,1,0
96.43,17,0.3275,1,9.25,1638.8,0,0
55.03,13,0.6589,1,8.15,623.2,0,0
55.24,8,0.1258,2,1.49,611.2,0,0
16.24,10,0.4255,1,18.9,549.0,0,0
18.71,14,0.2284,3,16.79,880.7,0,0
307.69,11,0.1721,2,2.63,994.5,0,0
38.09,22,0.1223,3,131.01,1393.4,1,1
22.26,13,0.3596,1,29.0,411.2,0,1
162.06,12,0.0624,1,1.37,1372.8,0,0
57.61,16,0.0701,1,7.61,458.4,1,0
75.21,16,0.1255,2,47.18,404.8,0,0
39.48,0,0.3721,5,10.3,673.5,0,1
33.56,15,0.1872,0,0.78,430.2,0,0
38.37,10,0.1466,0,4.22,883.2,0,0
12.88,12,0.451,0,32.93,539.1,0,0
41.3,17,0.0622,1,7.72,1125.1,0,0
58.35,14,0.526,1,17.91,954.4,0,0
236.37,12,0.266,6,5.72,1000.4,0,0
48.3,9,0.204,4,10.83,843.8,0,0
5.47,14,0.0887,1,21.6,825.4,0,0
41.08,11,0.2589,4,29.33,515.7,0,0
526.13,21,0.1057,1,32.43,550.6,1,1
97.49,14,0.4485,2,6.25,562.8,1,1
21.55,19,0.3328,3,25.16,1083.2,0,0
76.1,12,0.5669,3,31.4,878.0,0,0
22.92,19,0.1345,1,6.22,560.5,0,0
13.22,5,0.0871,2,9.1,743.5,0,0
32.67,11,0.1046,3,47.35,1352.2,0,0
48.54,6,0.7202,2,4.24,81.3,0,0
8.29,2,0.2888,1,38.66,696.7,0,0
15.89,21,0.2921,1,43.27,755.8,0,0
45.12,17,0.2197,3,37.61,540.0,1,0
30.96,15,0.467,3,47.03,324.7,0,0
63.77,14,0.1324,1,38.91,518.8,1,0
14.98,15,0.2518,1,4.1,469.2,0,0
85.0,16,0.3091,3,13.64,766.4,0,0
15.4,19,0.437,2,22.47,487.8,0,0
196.07,15,0.3654,3,20.77,744.3,0,0
9.54,17,0.5662,1,37.78,1516.6,0,0
16.72,10,0.125,1,8.54,414.4,0,0
65.08,22,0.2001,1,23.27,1175.8,0,0
199.9,2,0.4774,4,38.91,665.6,1,1
59.36,12,0.2688,4,44.21,193.9,0,0
74.19,20,0.3956,2,5.63,1132.9,1,0
45.41,9,0.2886,1,11.82,1120.0,0,0
17.75,8,0.3015,1,8.12,410.7,0,0
28.76,12,0.0694,3,24.07,886.5,1,0
15.02,12,0.3487,4,15.6,652.5,0,0
14.14,21,0.3395,2,41.97,802.8,0,0
64.17,19,0.0964,1,18.35,510.5,0,0
16.27,13,0.243,4,15.04,434.3,0,0
59.6,22,0.1603,0,22.61,384.0,0,0
13.85,16,0.5901,3,10.69,1284.8,0,0
58.37,20,0.2007,3,7.72,415.6,1,1
28.79,10,0.0532,1,33.13,880.1,0,0
158.53,13,0.4585,0,46.29,421.6,0,1
59.82,2,0.3554,3,4.68,1977.8,0,0
135.94,0,0.1971,1,5.48,415.0,0,0
22.64,17,0.2789,0,0.8,408.5,0,0
47.02,7,0.3242,0,50.77,1382.0,0,0
18.49,14,0.3637,2,7.3,624.8,0,0
30.81,17,0.234,2,5.28,358.8,0,0
35.31,2,0.3306,1,9.71,689.5,0,0
23.26,13,0.4074,0,10.45,452.8,0,0
14.97,16,0.0796,2,1.19,2151.8,0,0
12.53,20,0.1087,1,0.66,257.0,0,0
5.44,11,0.1715,1,5.74,980.9,0,0
17.28,22,0.0762,0,49.01,1406.6,0,0
78.63,19,0.6197,1,8.24,1043.6,0,0
10.61,16,0.1063,0,16.33,498.8,0,0
13.05,12,0.4323,3,30.23,1203.0,0,0
224.04,17,0.0854,2,32.23,774.8,0,1
25.21,18,0.1468,3,23.54,959.3,0,0
59.68,11,0.411,2,2.62,1062.8,0,0
79.69,23,0.5099,3,38.96,402.1,0,1
81.15,20,0.0925,4,21.87,929.9,0,0
11.36,13,0.386,1,15.11,1027.9,0,0
36.31,17,0.0574,1,3.67,696.4,0,0
10.42,14,0.0918,1,11.62,495.6,0,0
404.11,18,0.4517,1,41.27,670.6,0,1
10.64,19,0.5857,4,3.55,1617.8,0,0
17.41,2,0.4746,0,2.17,879.7,0,0
17.52,6,0.4401,2,16.88,730.0,0,0
11.62,11,0.3245,3,29.45,410.3,1,0
151.01,21,0.2078,2,37.71,1191.7,0,0
395.52,12,0.5176,4,20.64,924.8,0,1
29.13,20,0.3445,3,6.43,574.7,0,0
13.62,13,0.1513,1,0.49,521.9,0,0
5.97,10,0.0951,5,1.13,375.1,0,0
35.88,20,0.1401,3,45.45,944.7,0,0
33.63,15,0.2425,2,54.63,246.5,0,0
24.87,11,0.1987,0,2.07,962.7,0,0
54.56,4,0.419,2,39.73,257.9,0,0
63.79,7,0.1113,4,24.44,642.9,0,0
59.79,8,0.3165,4,22.5,1210.6,0,0
33.63,12,0.0418,1,29.15,218.3,1,1
16.59,15,0.172,5,13.48,171.2,0,0
81.39,11,0.5046,0,0.21,1349.9,1,0
45.21,5,0.1499,1,43.03,515.1,0,0
99.44,10,0.3939,1,3.76,666.3,0,0
91.02,12,0.0744,0,27.01,515.8,0,0
12.43,23,0.1529,1,13.49,548.1,1,0
12.3,12,0.2851,2,5.28,436.4,0,0
22.65,6,0.4424,0,10.93,1154.2,0,0
17.28,15,0.2786,1,13.53,1007.4,0,0
88.21,21,0.317,5,28.78,412.7,0,0
61.32,18,0.1138,1,33.29,886.1,0,0
120.21,19,0.2815,4,7.45,285.0,0,0
63.87,21,0.2878,1,49.09,791.7,0,0
53.94,16,0.2205,1,10.66,589.4,0,0
131.6,23,0.504,2,23.2,914.1,0,0
68.22,3,0.1173,0,23.18,654.9,0,0
47.53,19,0.0641,1,17.21,1082.1,0,0
169.42,19,0.3101,2,49.29,446.0,0,0
49.58,21,0.4047,2,11.18,1028.1,0,0
33.99,13,0.2593,2,85.85,244.8,0,0
21.03,18,0.3556,1,23.51,759.2,0,0
84.16,9,0.5836,0,10.61,94.9,0,0
136.09,15,0.1712,1,48.95,710.2,0,0
42.71,11,0.0864,1,42.62,457.4,0,0
145.06,15,0.4143,1,34.44,927.5,0,0
7.59,16,0.178,4,2.37,969.1,0,0
42.52,11,0.2841,2,5.27,510.8,0,0
43.12,9,0.3422,3,28.23,589.1,0,0
23.24,11,0.3639,1,68.16,844.6,0,0
382.02,16,0.7712,0,24.01,281.6,1,1
42.12,16,0.3233,0,11.57,524.5,0,0
30.97,17,0.0757,6,33.88,545.3,0,0
45.76,7,0.6922,6,1.06,612.2,0,0
7.37,18,0.5435,0,20.81,1049.6,1,0
22.56,16,0.3318,2,3.1,1016.7,0,0
108.3,2,0.3775,4,7.62,436.4,0,0
25.38,11,0.1467,2,8.11,742.2,0,0
21.2,13,0.3948,4,4.71,145.9,0,0
145.27,11,0.1208,5,56.63,823.9,0,0
149.34,7,0.2543,4,17.34,901.5,1,1
71.19,9,0.1627,3,65.85,363.4,0,1
29.68,2,0.2618,2,49.13,185.9,0,0
36.03,6,0.329,1,28.57,1732.0,0,0
21.68,10,0.0652,5,47.02,479.0,0,0
18.26,18,0.3681,2,11.47,682.6,0,0
17.46,14,0.0864,0,2.41,835.0,0,0
25.63,12,0.4158,1,15.96,669.9,0,0
17.62,16,0.3168,1,10.39,695.2,1,0
10.94,14,0.1623,3,53.33,815.9,0,0
54.46,7,0.0802,1,19.31,460.0,0,0
55.21,9,0.3803,0,18.29,464.9,0,0
206.59,9,0.457,2,24.09,479.5,0,0
24.5,15,0.1689,0,1.37,871.5,0,0
58.35,13,0.2756,1,16.05,976.1,0,0
59.23,12,0.1971,4,14.18,433.5,0,0
35.57,14,0.8057,0,0.8,458.4,0,0
87.35,22,0.1921,4,8.38,924.7,0,0
89.81,11,0.2756,1,31.39,1051.3,0,0
60.02,14,0.5556,1,10.82,1117.1,0,0
35.51,13,0.1684,1,13.58,489.7,0,0
32.4,17,0.2957,2,4.39,882.3,0,0
13.05,17,0.2893,1,0.91,1513.2,0,0
21.64,17,0.3447,0,1.35,548.1,0,0
25.54,9,0.2085,4,18.69,1008.9,0,0
16.26,13,0.6959,1,2.72,759.8,0,0
66.42,18,0.3383,2,29.54,1876.7,0,0
131.23,12,0.1993,3,45.35,194.6,0,1
19.74,23,0.1143,1,15.46,813.2,0,0
57.69,12,0.4058,4,14.93,1330.5,0,0
17.62,14,0.3116,1,1.87,417.2,0,0
33.97,13,0.2991,5,33.18,1023.2,1,1
24.02,13,0.4093,0,4.19,560.3,0,0
76.84,19,0.2869,4,12.1,256.9,0,0
24.27,8,0.2368,1,5.34,550.9,0,0
111.11,15,0.1798,3,2.46,435.3,0,0
35.83,15,0.4698,4,49.25,1176.1,0,0
24.91,19,0.3716,4,32.14,1892.1,0,0
14.47,15,0.1186,2,1.55,574.4,0,0
56.14,22,0.3555,2,17.08,553.4,0,0
100.05,20,0.2661,3,4.01,216.8,1,1
57.17,11,0.2921,2,1.88,1123.5,0,0
335.27,19,0.2402,0,0.89,1439.9,0,0
161.87,22,0.092,4,8.85,933.5,1,1
33.89,10,0.182,3,36.42,540.9,0,0
33.57,15,0.273,1,42.34,832.6,0,0
68.22,10,0.1959,4,44.98,1104.0,0,0
21.03,16,0.3354,3,16.1,668.9,0,0
127.7,6,0.2392,4,23.64,977.0,1,1
61.9,17,0.2843,3,2.11,590.0,0,0
56.31,12,0.3432,0,11.91,337.6,1,0
82.95,15,0.1519,1,18.19,1077.0,0,0
210.72,2,0.1402,2,1.74,778.4,0,0
52.14,17,0.191,1,14.8,836.4,0,0
40.38,14,0.1173,2,65.5,1154.1,0,0
173.79,15,0.394,1,17.36,443.7,0,0
106.78,11,0.4957,3,35.8,554.6,0,0
33.49,8,0.1136,4,4.72,1427.1,0,0
44.91,13,0.5544,2,13.3,816.5,0,0
53.3,21,0.4264,1,15.33,1103.0,0,0
61.91,9,0.2781,4,2.37,734.7,0,0
13.18,16,0.1498,4,25.57,965.2,1,1
11.15,4,0.2406,3,35.13,985.1,0,0
20.11,17,0.2937,3,13.92,511.0,0,0
18.76,10,0.1203,2,2.79,1963.7,0,0
25.04,13,0.3511,7,7.1,831.5,0,0
79.14,12,0.105,0,7.86,289.7,0,0
38.4,7,0.3061,2,20.75,328.3,0,0
53.34,11,0.5911,1,2.12,570.5,0,0
14.85,11,0.2692,0,8.62,247.9,0,0
29.5,14,0.1661,1,8.78,1326.3,1,0
75.83,22,0.4409,5,2.98,517.4,0,0
76.36,13,0.5207,1,0.48,380.1,0,0
23.29,21,0.3636,2,37.1,858.6,0,0
51.7,13,0.2325,2,4.69,972.4,0,0
323.42,7,0.5471,2,5.73,592.5,0,1
44.0,9,0.1242,0,8.35,979.4,0,0
23.95,12,0.4268,2,1.74,1095.1,0,0
38.23,11,0.3663,2,28.64,583.8,0,0
48.57,19,0.181,2,2.64,356.0,1,0
39.02,16,0.1715,4,14.41,547.1,0,0
43.46,15,0.0804,5,7.79,645.7,0,0
12.19,13,0.1466,2,8.96,740.8,0,0
18.8,12,0.1364,1,7.58,1108.7,0,0
39.08,15,0.0817,0,2.03,657.9,0,0
38.52,7,0.2859,1,16.45,472.2,0,0
26.85,8,0.2134,2,11.62,538.5,0,0
38.12,11,0.5217,1,36.22,802.9,0,0
47.22,9,0.2997,4,8.58,841.2,0,0
99.53,16,0.3821,0,40.53,1560.8,0,0
40.88,2,0.3162,1,5.47,641.2,0,0
64.02,8,0.4611,5,9.47,474.0,0,0
27.46,20,0.357,4,3.63,203.9,0,0
74.81,23,0.1807,2,3.66,261.7,0,0
62.69,13,0.3418,3,21.83,920.8,0,0
97.44,14,0.1881,0,11.82,524.2,0,0
84.95,18,0.0457,1,6.44,1259.2,0,0
75.93,3,0.1225,0,56.85,235.9,0,0
40.91,12,0.2761,0,16.36,563.6,0,0
55.73,7,0.5155,1,44.91,1083.2,0,1
116.41,12,0.256,3,60.21,1340.2,0,0
24.86,23,0.4705,1,18.92,959.6,1,0
25.39,17,0.2866,4,1.11,1141.1,0,0
52.63,23,0.3001,2,30.3,461.4,0,0
64.96,17,0.2232,2,56.01,617.0,0,0
21.29,15,0.3777,3,20.52,1381.7,0,0
41.79,17,0.2917,2,1.58,440.5,0,0
41.08,16,0.1146,2,30.47,727.6,0,0
6.09,13,0.7043,3,25.72,1007.3,0,0
36.68,10,0.4882,2,3.83,1293.7,0,0
38.8,14,0.4018,1,5.34,683.4,0,0
38.7,10,0.4247,2,11.98,602.5,0,0
159.86,13,0.1942,0,1.45,883.9,0,0
14.97,8,0.3042,1,7.21,1613.0,0,0
21.28,15,0.0781,2,36.62,879.4,0,0
4.26,10,0.264,3,24.33,899.6,1,0
29.0,10,0.4384,3,35.44,682.2,0,0
31.31,14,0.1687,1,17.48,457.2,0,0
28.25,8,0.3162,1,0.59,609.8,0,0
121.14,22,0.0354,4,9.33,675.9,0,1
96.98,13,0.2763,2,10.3,1724.4,0,0
47.95,11,0.3068,2,42.02,605.1,0,0
32.02,2,0.3514,2,4.37,716.1,0,0
112.57,19,0.311,2,10.5,917.3,0,0
43.91,15,0.2798,0,0.61,527.6,1,0
21.4,12,0.665,1,13.4,1114.9,0,0
9.54,10,0.4864,0,74.22,884.4,0,0
30.05,17,0.3736,2,4.91,751.6,0,0
88.16,21,0.5423,0,11.26,652.8,0,0
346.85,12,0.209,2,0.41,441.6,0,0
47.25,8,0.2717,4,21.17,923.9,0,0
22.45,7,0.2189,0,9.03,1975.2,0,0
15.39,0,0.2345,1,16.1,1316.5,0,0
73.46,17,0.4026,1,11.26,985.1,0,0
9.13,23,0.2278,3,17.93,1398.6,0,0
73.35,23,0.3123,2,5.97,550.5,0,0
93.31,18,0.3617,1,8.13,492.4,0,0
66.2,8,0.4948,1,2.98,716.6,0,0
36.68,22,0.2164,0,12.78,739.8,0,0
74.32,11,0.1767,2,114.92,1251.3,0,1
52.14,11,0.1417,2,33.97,1099.7,0,0
22.19,16,0.555,1,8.14,228.9,0,0
236.36,4,0.2477,4,15.72,1113.3,1,1
32.57,19,0.221,2,5.33,658.0,0,0
89.85,23,0.3672,3,43.58,857.5,0,0
5.07,18,0.1432,7,2.18,696.0,0,0
141.01,18,0.5719,1,15.7,523.0,0,0
167.65,12,0.238,4,7.35,853.3,1,1
45.92,5,0.4457,0,21.52,503.5,1,1
73.91,18,0.2215,3,8.25,665.0,0,0
73.9,15,0.4027,4,14.78,460.2,0,1
25.07,20,0.2705,0,3.59,382.7,0,0
73.14,7,0.2836,3,9.15,1923.5,0,0
21.59,11,0.3989,3,37.92,566.6,0,0
25.85,11,0.2567,3,5.58,665.4,0,0
123.25,16,0.2701,0,20.56,1305.9,0,0
107.47,18,0.3745,0,27.61,777.9,0,0
23.67,22,0.1953,5,114.73,449.5,0,0
23.1,10,0.4275,4,16.45,452.0,1,1
25.0,13,0.3104,3,38.48,432.9,0,0
86.43,2,0.1608,2,7.56,1605.7,0,0
18.17,10,0.2893,2,30.91,211.0,0,0
61.62,12,0.1542,1,13.04,403.2,0,0
87.55,15,0.2561,2,2.92,575.4,1,0
41.29,13,0.2788,2,31.41,573.8,0,0
110.95,12,0.0368,2,1.72,542.8,0,0
33.99,15,0.31,1,39.05,932.1,0,0
36.87,19,0.1862,1,4.87,818.5,0,0
18.55,10,0.1824,1,44.11,489.9,0,0
111.66,11,0.3351,3,54.73,556.7,0,1
22.42,17,0.1286,1,6.94,2208.3,0,0
61.24,18,0.1773,1,12.52,835.4,0,0
41.92,19,0.5318,1,0.47,122.4,0,0
17.33,9,0.0948,2,6.27,451.1,0,0
25.84,14,0.2562,0,14.91,544.5,0,0
155.18,20,0.1805,2,4.83,1899.3,1,1
53.6,12,0.3182,4,9.0,563.8,0,0
18.03,13,0.1612,4,30.15,585.8,0,0
58.84,23,0.1998,0,2.26,266.6,0,0
39.19,7,0.1723,2,74.23,735.0,0,1
1000.89,17,0.4772,1,40.06,1050.8,0,1
57.78,19,0.3174,1,0.46,708.9,1,0
31.74,8,0.153,2,46.66,561.2,0,0
160.46,17,0.0858,0,6.76,648.1,0,0
8.53,13,0.1633,2,16.85,1026.9,0,0
48.66,19,0.5531,1,32.12,617.7,0,0
269.07,20,0.1269,0,5.86,624.1,0,0
40.26,20,0.2571,3,14.95,884.3,0,0
9.39,5,0.2631,1,29.52,510.0,1,0
31.3,17,0.2699,3,3.56,430.7,1,1
165.52,21,0.0517,1,26.6,274.4,1,1
62.71,15,0.0629,2,4.96,667.9,0,0
21.01,15,0.2814,2,1.72,502.2,0,0
24.13,4,0.2415,2,44.61,1114.1,0,0
27.01,19,0.2263,4,4.99,624.0,0,0
61.87,4,0.1132,3,2.55,1047.6,0,0
149.06,11,0.3713,2,0.67,950.5,0,0
115.26,21,0.0819,4,84.93,255.2,0,1
67.38,21,0.0205,2,5.05,366.8,0,0
13.48,23,0.249,2,19.53,1673.3,0,0
13.53,13,0.2477,1,25.24,514.3,0,0
72.24,9,0.4424,2,19.17,850.1,0,0
13.32,13,0.221,1,5.58,663.5,0,0
36.49,7,0.3506,1,3.53,259.9,0,0
58.78,20,0.2418,1,13.78,450.7,0,0
16.06,15,0.4206,2,15.67,403.3,0,0
17.78,12,0.1124,1,51.16,1005.8,0,0
41.07,6,0.4747,1,0.01,449.2,1,0
70.34,12,0.1653,1,1.1,1506.0,0,0
116.21,19,0.0645,2,10.45,895.6,0,0
77.2,17,0.2483,0,16.0,336.2,0,0
47.76,6,0.3659,1,26.73,155.0,0,0
22.84,8,0.1416,0,12.67,743.6,0,0
17.05,12,0.2537,1,27.08,869.9,0,0
28.23,7,0.0628,3,3.51,574.6,0,0
64.65,21,0.2895,2,1.29,726.1,0,0
60.52,16,0.0584,3,6.19,300.9,0,0
6.75,6,0.0252,3,39.73,597.3,0,0
22.04,18,0.0682,0,2.14,1114.5,0,0
132.17,12,0.0552,4,35.21,1702.3,0,0
48.0,10,0.3269,0,29.98,678.7,0,0
12.49,15,0.2998,5,21.26,829.5,0,0
372.5,1,0.0562,3,0.98,1132.1,0,0
43.55,13,0.4352,3,22.15,756.5,0,0
63.17,19,0.1239,1,4.78,856.8,0,0
64.04,21,0.0761,2,12.44,1434.2,0,0
32.11,11,0.632,0,14.11,836.5,0,0
23.22,16,0.0891,1,2.16,584.7,0,0
301.72,9,0.2331,4,114.08,1421.0,0,0
110.26,14,0.2201,5,23.98,796.2,0,0
93.67,10,0.368,1,2.86,355.5,0,0
75.09,15,0.2244,1,4.89,620.4,0,0
18.12,9,0.174,1,34.07,1804.6,0,0
141.14,21,0.6556,2,73.88,1175.5,0,1
20.93,20,0.0942,5,20.95,521.2,0,0
57.68,11,0.2338,1,15.77,1251.4,0,0
10.22,18,0.4443,3,2.08,616.8,0,0
7.12,6,0.3376,0,10.02,457.5,0,0
59.53,17,0.0777,5,15.78,1126.9,0,0
21.58,10,0.3048,0,11.71,364.5,0,0
7.46,8,0.4111,3,33.17,463.1,1,1
72.72,16,0.1875,1,10.91,749.2,0,0
301.29,13,0.0831,2,62.83,815.8,0,1
156.12,14,0.3974,6,17.51,1040.4,1,1
35.46,14,0.1049,1,13.63,409.0,0,0
45.06,5,0.4256,0,0.78,756.3,0,0
99.38,4,0.504,2,23.26,186.5,0,0
122.72,15,0.1257,1,15.59,211.2,0,0
32.81,15,0.0425,2,24.43,475.4,0,0
46.1,4,0.4902,2,14.65,1039.9,0,0
58.59,12,0.0308,3,37.95,912.6,0,0
73.59,15,0.2004,0,1.14,615.4,0,0
39.66,16,0.0199,1,20.42,247.6,0,0
40.12,19,0.1174,1,28.34,811.1,0,0
154.76,12,0.0689,2,6.99,2449.4,1,0
132.76,14,0.5697,3,1.65,697.4,0,1
68.69,15,0.1769,1,47.13,365.4,0,0
210.02,11,0.2115,1,11.38,669.7,1,1
31.57,4,0.2518,2,42.09,275.3,1,0
192.61,0,0.5952,4,11.07,518.3,0,0
72.84,19,0.016,4,10.94,998.6,0,0
848.88,9,0.2929,2,28.59,1370.0,1,1
15.28,16,0.3159,0,9.47,593.0,0,0
24.04,15,0.4195,3,8.12,328.1,0,0
65.16,12,0.2952,4,79.04,1031.0,0,1
63.91,19,0.0713,2,0.08,790.0,0,0
258.56,17,0.3631,3,6.11,662.8,0,0
24.49,2,0.1591,1,19.35,731.2,0,0
100.93,18,0.0238,1,25.78,607.0,0,0
127.26,14,0.2199,2,29.27,696.5,0,0
84.28,11,0.4712,2,13.28,764.2,0,0
18.82,17,0.1216,1,11.37,805.0,0,0
158.69,16,0.5349,1,1.22,723.6,0,0
135.15,11,0.5753,0,2.33,432.8,0,0
76.68,23,0.4917,3,49.01,1653.5,0,0
53.73,16,0.4213,3,14.78,679.3,0,0
54.79,15,0.5914,2,2.75,237.8,0,0
41.64,6,0.5192,0,53.5,623.6,0,0
79.58,10,0.2547,2,5.3,643.4,0,0
45.97,13,0.64,0,20.06,461.1,0,0
20.83,16,0.5186,2,23.52,382.2,0,0
17.4,14,0.7081,1,88.08,762.9,0,0
22.72,18,0.2614,1,4.75,757.7,0,0
54.59,10,0.4014,2,8.47,356.1,0,0
43.63,17,0.2488,5,11.17,767.9,0,0
54.26,18,0.17,4,20.75,866.9,0,0
70.16,18,0.3255,3,14.8,335.1,0,0
25.42,18,0.2369,3,8.25,610.7,0,0
167.18,20,0.0398,2,24.44,1643.1,0,0
35.13,6,0.2929,0,20.84,963.6,1,0
30.26,17,0.1294,0,14.34,965.4,0,0
69.0,22,0.2829,2,9.26,972.7,0,0
8.56,15,0.3136,1,2.91,1226.8,0,0
21.94,9,0.3068,1,6.45,158.2,0,0
108.09,23,0.1427,4,9.44,469.5,0,0
9.36,9,0.2176,0,5.92,261.2,0,0
122.22,11,0.5409,1,39.92,602.5,0,1
174.17,9,0.2421,1,8.37,530.5,0,0
32.06,13,0.3711,1,41.62,561.1,0,0
58.13,12,0.1104,1,16.0,1003.5,1,0
122.39,13,0.2369,0,6.77,477.2,0,0
29.37,21,0.0184,1,1.24,1683.6,0,0
97.61,13,0.5572,3,0.54,218.2,0,0
24.43,14,0.2906,2,2.47,1286.5,0,0
29.08,20,0.6397,2,31.44,291.7,0,0
21.77,18,0.403,1,4.25,982.6,0,0
60.85,10,0.1017,3,40.44,954.6,0,0
126.74,1,0.6066,2,34.09,613.0,0,1
37.88,16,0.0571,0,7.86,1036.6,0,0
14.24,19,0.3427,4,0.18,448.4,0,0
16.87,14,0.3135,3,1.25,404.8,0,0
63.76,9,0.2591,1,23.03,993.4,0,0
235.03,17,0.1207,2,30.8,533.7,0,0
63.71,16,0.7139,2,20.62,1584.8,0,0
31.56,15,0.5529,3,6.36,992.7,0,0
89.08,19,0.4046,3,85.24,838.4,0,1
36.03,18,0.541,3,11.8,557.5,0,0
31.8,16,0.217,3,5.21,360.3,0,0
18.87,16,0.2386,1,6.84,1171.0,0,0
158.79,16,0.1544,2,0.59,1164.3,0,0
4.55,14,0.5625,3,44.96,476.0,0,0
91.66,13,0.4566,3,17.67,329.2,0,0
29.45,17,0.6967,2,2.77,734.8,1,1
30.9,15,0.3244,2,3.45,710.7,0,0
205.02,13,0.2399,1,9.8,1074.3,0,1
23.51,7,0.1559,0,39.04,611.7,0,0
24.24,17,0.5468,1,59.75,1486.5,0,0
39.75,16,0.0641,2,2.63,907.6,1,0
64.88,11,0.5405,5,20.91,1609.7,0,0
30.03,11,0.2075,4,10.2,320.7,0,0
10.84,10,0.3122,0,27.39,773.2,0,0
20.51,22,0.2326,2,2.58,1422.0,0,0
141.63,19,0.2941,3,35.45,342.8,0,0
47.81,15,0.4797,1,1.75,1122.5,0,0
67.09,12,0.0213,2,75.08,256.0,0,0
35.33,17,0.2512,2,34.14,1508.1,0,0
24.69,14,0.0986,3,8.72,359.4,0,0
202.31,22,0.1029,2,33.94,332.9,0,0
37.74,5,0.3746,4,24.12,375.5,0,1
29.99,3,0.2198,3,25.14,1044.0,0,0
119.88,15,0.0586,3,23.05,605.6,0,0
23.33,9,0.0967,0,27.55,682.9,0,0
26.17,15,0.2626,2,6.78,1739.7,0,0
45.12,18,0.0635,2,9.08,448.0,0,0
44.71,8,0.4402,1,48.95,715.8,0,0
56.47,13,0.6955,1,22.73,1392.2,0,1
293.68,16,0.1188,0,26.07,346.7,0,1
60.5,19,0.1364,2,27.19,3145.5,0,0
5.26,14,0.2319,3,3.63,639.1,0,0
59.96,9,0.0962,3,3.72,429.1,0,0
46.25,15,0.0966,3,41.11,330.8,0,0
46.48,13,0.0775,1,62.4,858.0,0,0
55.78,18,0.1139,2,13.75,797.6,0,0
43.56,14,0.4527,1,14.99,369.8,1,1
42.63,10,0.3201,1,3.6,1263.9,0,0
77.61,17,0.4484,6,38.25,931.5,0,1
27.44,14,0.2503,3,6.04,1231.4,0,0
19.05,9,0.2537,1,14.24,1327.2,0,0
679.53,15,0.2137,0,31.23,327.2,0,1
23.47,21,0.2458,2,2.06,1320.9,1,0
48.92,17,0.2569,1,44.56,1004.6,0,1
11.63,11,0.4456,3,10.05,921.8,0,0
49.64,17,0.1706,2,13.33,624.9,0,0
19.3,10,0.2258,2,13.48,1282.1,0,0
30.02,14,0.2263,0,16.68,1383.3,0,0
114.5,14,0.415,2,39.34,885.9,0,1
68.36,10,0.498,2,5.28,923.8,0,0
74.56,11,0.2726,2,5.5,1905.2,0,0
9.08,21,0.4969,3,42.17,125.3,0,0
233.51,10,0.3398,2,25.29,1462.4,0,0
15.29,18,0.1186,4,8.66,735.1,0,0
176.92,16,0.2176,2,11.83,1527.6,0,0
112.1,14,0.3817,1,47.12,438.9,0,1
75.16,8,0.0974,1,11.34,873.4,0,0
20.71,9,0.3155,3,25.42,863.8,0,0
51.24,9,0.2638,0,37.08,969.5,0,0
29.26,15,0.4617,2,11.48,642.0,0,0
45.88,22,0.0884,2,58.33,545.5,0,0
35.7,20,0.1259,4,11.11,968.3,0,0
7.14,2,0.3043,1,52.99,1030.1,0,0
122.68,10,0.4711,3,5.36,694.5,0,0
41.55,8,0.3394,2,6.71,943.4,0,0
28.9,22,0.4734,2,19.84,1663.6,1,0
27.0,10,0.4692,0,86.83,763.8,0,0
61.72,9,0.6621,2,1.02,199.6,0,0
20.0,15,0.1321,3,12.03,892.9,0,0
5.87,14,0.3978,1,3.17,360.3,0,0
64.48,9,0.3696,2,21.26,844.9,0,0
71.32,16,0.2444,1,44.88,1164.4,0,0
37.35,6,0.1273,3,35.27,677.7,0,0
15.91,1,0.5827,0,21.13,1095.3,0,0
48.43,6,0.1031,4,28.06,1112.0,0,0
11.96,12,0.3671,4,6.01,1333.7,0,0
17.73,22,0.107,1,61.79,1796.8,0,0
22.75,14,0.1283,1,2.78,1532.2,0,0
95.54,17,0.2526,3,20.52,162.8,0,0
32.25,11,0.4683,0,9.89,534.6,1,0
29.87,17,0.4446,2,43.84,431.0,0,0
259.62,22,0.0371,3,80.16,1010.0,0,0
61.39,11,0.5016,1,2.7,681.8,0,0
60.65,23,0.4276,3,11.92,467.5,0,1
32.05,16,0.1905,0,0.99,542.2,0,0
26.13,17,0.2466,0,2.38,582.2,0,0
6.25,10,0.168,3,1.18,1092.5,0,0
106.9,16,0.4563,1,47.49,275.7,0,0
66.92,14,0.1494,2,4.3,468.9,0,0
38.04,22,0.3112,3,23.49,135.7,0,0
39.51,20,0.3919,1,25.16,1084.3,0,0
86.71,12,0.4517,5,13.1,1271.1,0,0
11.03,21,0.32,2,50.84,935.8,0,0
26.29,20,0.7141,5,1.18,1011.3,0,1
16.08,15,0.354,3,36.49,818.1,0,0
220.16,6,0.242,1,12.03,928.9,0,1
98.31,8,0.1861,3,33.09,224.5,0,0
6.16,6,0.2322,0,34.49,910.8,0,0
11.45,7,0.4549,1,0.76,445.9,1,0
39.68,22,0.1071,1,20.41,1016.2,0,0
29.22,9,0.1786,1,2.87,650.2,0,0
13.57,16,0.4317,4,4.56,1442.6,0,0
257.31,16,0.1925,2,14.97,838.2,0,0
59.22,16,0.2438,3,6.48,422.8,0,0
68.53,9,0.1607,2,5.38,342.4,0,0
23.98,15,0.2567,1,5.08,450.8,0,0
85.63,15,0.582,1,3.94,720.1,0,0
31.74,15,0.5435,2,39.09,1390.9,0,0
34.64,9,0.0972,2,16.5,570.9,0,0
77.47,17,0.3752,1,54.53,892.4,0,1
10.32,6,0.3692,2,5.32,326.8,1,0
188.17,15,0.0691,1,11.09,1001.2,0,0
52.68,13,0.0943,2,14.41,668.0,0,0
141.58,10,0.4324,0,16.63,885.9,0,0
16.98,18,0.0477,0,0.34,1506.5,0,0
19.48,9,0.1838,2,28.13,770.1,0,0
15.71,21,0.2894,2,4.19,352.7,0,0
56.0,20,0.0392,1,4.75,802.0,0,0
47.44,11,0.2218,1,20.07,786.8,0,0
29.43,11,0.2574,4,25.52,1096.1,0,1
17.95,8,0.2947,0,41.16,764.5,0,0
14.3,21,0.1608,2,4.59,1472.8,0,0
42.79,16,0.1519,1,25.97,1121.9,0,0
29.4,2,0.3816,0,4.98,774.2,0,0
24.12,14,0.3636,1,12.66,725.2,0,0
179.9,6,0.2164,4,12.06,395.4,0,1
41.51,15,0.0447,1,8.34,603.0,0,0
140.2,14,0.1238,4,4.54,281.1,0,0
27.66,6,0.4224,4,36.65,677.0,0,0
55.72,18,0.2599,1,35.66,243.3,0,0
42.52,10,0.1511,4,31.81,784.1,0,1
9.7,14,0.4198,0,10.36,375.0,0,0
161.66,16,0.3348,2,13.63,900.5,0,0
39.58,22,0.2523,3,66.96,750.7,0,0
87.51,13,0.0649,1,7.55,543.8,0,0
22.72,21,0.2499,5,33.71,316.9,0,0
38.54,11,0.1528,3,14.84,717.2,0,0
20.49,19,0.3997,2,2.69,687.7,0,0
135.97,10,0.2798,2,9.15,1748.6,1,1
59.16,17,0.3812,0,14.85,586.0,0,0
62.2,6,0.8251,3,2.29,1057.7,0,0
151.77,23,0.2551,2,5.73,490.3,0,0
126.56,21,0.1449,0,1.33,413.0,0,0
89.02,13,0.1986,1,46.53,942.7,0,0
12.43,14,0.5982,2,34.44,566.9,1,1
23.9,15,0.2415,1,7.58,706.9,0,0
18.11,10,0.2093,2,28.21,161.5,0,0
86.04,16,0.3228,0,9.16,503.5,0,0
52.12,17,0.112,2,22.61,541.0,0,0
12.79,14,0.1523,3,34.42,387.3,0,0
37.72,8,0.1982,2,7.48,599.6,0,0
11.65,21,0.3765,1,9.82,261.0,0,0
42.61,7,0.2689,4,45.88,784.2,0,0
10.08,16,0.1282,2,9.27,2351.7,0,0
71.95,7,0.8239,5,17.7,600.8,0,1
62.81,8,0.3173,2,0.76,578.2,0,0
248.93,1,0.2642,0,26.08,947.1,1,1
95.88,12,0.4888,2,19.96,396.7,0,0
30.55,16,0.194,2,4.41,1502.2,0,0
93.34,14,0.2909,5,30.79,389.8,0,1
12.71,16,0.1087,1,27.36,1134.0,0,0
18.8,16,0.2117,0,18.93,1386.0,0,0
60.33,8,0.1888,2,30.22,214.8,0,0
6.41,5,0.3515,1,7.25,471.7,0,0
43.23,15,0.3746,5,2.0,324.5,0,0
17.85,16,0.36,4,46.42,930.9,0,0
48.97,14,0.1449,1,65.16,508.4,1,0
16.95,10,0.1025,0,9.56,403.9,0,0
65.49,18,0.2503,4,20.95,646.2,0,0
45.49,6,0.1236,1,9.72,720.9,0,0
157.64,16,0.0895,1,11.22,1289.9,0,0
44.97,7,0.2721,2,7.37,1292.2,0,0
22.38,16,0.3703,0,20.75,463.9,0,0
35.79,12,0.3346,4,16.1,285.3,0,0
13.33,17,0.3588,0,1.69,864.8,1,0
64.43,4,0.5462,4,37.01,632.6,1,1
76.01,14,0.1455,2,0.34,1342.4,0,0
412.52,8,0.5468,2,16.3,1364.8,1,1
25.54,16,0.0558,0,0.66,893.1,0,0
35.13,7,0.4778,3,28.69,770.0,0,0
26.62,6,0.6471,3,20.99,810.3,0,0
54.1,17,0.2859,3,64.31,761.2,0,1
63.02,5,0.1597,3,10.18,801.5,0,0
42.6,9,0.1826,0,35.67,544.8,0,0
118.83,19,0.3306,2,21.05,512.5,1,1
25.65,18,0.457,2,29.69,570.6,0,0
108.59,19,0.276,4,30.67,1692.1,0,0
72.58,11,0.4464,4,35.83,164.4,0,1
44.22,14,0.4363,1,53.85,510.7,0,0
33.67,18,0.0969,4,2.23,565.6,0,0
397.03,8,0.1706,1,25.2,865.0,0,1
21.43,17,0.0938,3,1.64,494.2,0,0
58.45,6,0.7113,1,1.38,1407.5,0,0
22.76,21,0.5979,2,66.13,1239.1,0,1
222.97,16,0.163,3,20.69,1446.2,0,0
99.3,13,0.5219,1,0.21,776.9,0,0
24.28,13,0.422,3,6.02,1351.8,0,0
70.9,9,0.0554,1,16.75,463.4,0,0
56.37,11,0.437,2,8.55,715.8,0,0
28.08,17,0.101,3,21.59,222.9,0,0
88.44,14,0.2518,0,3.54,925.5,0,0
63.46,14,0.1344,3,6.25,916.9,0,0
54.28,9,0.1338,0,6.03,781.9,0,0
43.05,16,0.2729,2,59.89,626.2,0,1
65.89,12,0.2703,1,1.17,1080.9,0,0
54.95,9,0.3114,1,4.99,1323.1,0,0
47.14,21,0.4968,2,21.6,1732.6,0,0
25.11,14,0.2267,2,22.85,900.3,0,0
205.28,14,0.4133,1,0.48,691.4,0,0
17.37,23,0.055,2,21.52,539.2,0,0
65.69,12,0.4621,2,25.28,963.2,0,0
33.51,21,0.6099,0,15.31,461.5,1,1
217.8,17,0.4808,2,2.25,930.7,0,1
19.82,16,0.6486,2,18.34,470.4,0,0
23.06,10,0.3431,0,1.8,707.1,0,0
18.67,4,0.1695,1,9.76,433.8,1,0
59.81,13,0.4772,4,14.25,564.5,0,1
12.99,0,0.0437,4,23.11,883.6,1,0
29.06,6,0.1703,3,8.85,1152.8,0,0
6.44,15,0.0962,2,13.44,611.7,1,0
55.5,17,0.1396,3,33.05,171.8,0,0
28.5,9,0.3908,0,2.52,246.0,0,0
11.71,17,0.1904,3,62.4,251.2,0,0
118.75,21,0.2369,1,44.24,1372.4,0,0
13.78,17,0.2436,5,59.07,2237.7,0,0
91.58,18,0.0955,1,11.02,683.9,0,0
23.79,17,0.3516,2,4.58,260.4,0,0
188.94,9,0.2151,2,29.08,410.7,0,0
87.76,11,0.458,1,15.79,384.5,0,0
18.04,21,0.2926,6,23.92,1338.6,0,0
19.58,16,0.2437,1,40.97,574.3,0,0
77.09,18,0.2429,1,10.3,3039.0,0,0
35.3,22,0.4973,0,19.48,378.1,0,0
38.38,10,0.4683,1,8.55,400.9,0,0
140.47,11,0.4658,3,14.39,572.5,0,0
22.79,16,0.1122,3,53.13,538.7,1,1
48.53,2,0.5372,0,0.58,1229.1,1,0
105.55,15,0.0483,2,1.01,744.2,0,0
92.59,18,0.2256,4,34.25,998.2,0,0
38.72,15,0.1834,3,28.7,845.2,0,0
34.47,10,0.1272,2,18.95,844.7,0,0
9.35,17,0.3516,3,5.15,648.9,1,1
17.28,8,0.1588,2,3.16,1276.7,0,0
59.53,20,0.3114,1,5.84,1140.1,0,0
39.48,7,0.2545,5,24.72,458.6,0,0
47.82,19,0.213,2,9.38,580.8,0,0
113.9,14,0.2823,2,8.82,430.1,0,0
15.35,13,0.3433,6,15.62,763.2,0,0
36.14,14,0.483,2,15.63,889.2,0,0
52.98,9,0.0581,4,21.1,541.5,0,0
23.72,13,0.0475,1,26.02,586.5,1,0
162.12,19,0.132,2,58.73,455.9,0,0
101.26,18,0.2264,2,3.91,406.1,0,0
58.04,8,0.1782,1,11.45,574.4,0,0
224.71,16,0.2267,3,5.6,658.2,0,0
11.6,19,0.5736,1,21.96,452.0,0,0
44.39,18,0.0243,1,8.35,390.6,0,0
62.16,12,0.1294,4,26.53,1944.4,0,0
19.63,4,0.2583,3,31.83,554.6,0,0
58.59,21,0.0445,4,1.86,799.1,0,0
16.51,12,0.5615,1,32.99,968.4,0,0
83.22,11,0.823,2,6.75,844.7,1,1
115.82,18,0.0759,4,5.54,1021.6,1,1
57.12,10,0.1299,2,9.72,767.9,1,0
8.44,19,0.2799,0,10.87,291.7,0,0
18.73,6,0.4008,0,5.72,788.6,1,0
74.31,17,0.2162,2,0.15,609.4,0,0
45.56,22,0.5356,1,7.51,441.4,0,0
3.96,23,0.5525,0,39.42,1656.7,0,0
136.8,21,0.3498,2,1.09,243.7,0,0
50.55,20,0.341,1,6.16,911.6,0,0
21.39,10,0.1313,5,20.96,885.6,0,0
109.45,22,0.1739,5,4.18,1453.6,0,0
24.29,21,0.2135,4,3.73,833.5,0,0
24.06,14,0.1475,2,5.26,526.9,0,0
61.71,12,0.3957,1,16.11,232.9,0,0
222.06,7,0.1837,1,20.85,258.5,0,0
192.72,15,0.0869,0,38.13,560.0,0,0
61.79,17,0.1534,3,13.5,1335.7,0,0
67.77,12,0.2939,3,25.18,284.6,0,0
91.14,12,0.626,2,32.15,777.6,0,0
14.42,15,0.5119,3,0.61,1269.9,0,0
79.82,2,0.4826,1,5.16,1588.8,0,0
23.09,22,0.183,1,4.3,631.8,0,0
59.54,10,0.2011,4,15.69,176.6,0,0
36.43,8,0.1304,2,10.86,1182.6,0,0
70.18,0,0.38,1,11.6,557.9,0,0
49.71,19,0.0855,4,4.47,924.7,0,0
2.81,19,0.2243,4,17.13,938.6,0,0
52.51,6,0.1,1,54.87,427.6,0,0
79.67,8,0.3265,2,23.22,142.9,0,1
66.78,13,0.4709,0,18.17,765.6,0,0
40.76,9,0.1827,1,9.86,1082.6,0,0
195.97,17,0.0555,1,34.01,1220.8,0,1
59.16,5,0.4669,3,11.23,867.4,0,0
66.28,14,0.2176,2,27.62,1047.4,0,0
114.44,12,0.2507,0,56.42,478.4,0,0
61.95,13,0.2191,2,8.81,1272.3,0,0
19.92,12,0.3808,2,6.98,1127.6,0,0
4.98,8,0.1557,1,40.91,973.7,0,0
29.1,9,0.0896,2,79.8,500.1,0,0
88.66,5,0.4629,2,1.05,731.8,0,0
32.53,7,0.0799,1,31.81,604.9,0,0
91.93,22,0.1629,2,19.27,630.9,0,0
51.1,10,0.262,0,14.17,1018.6,0,0
142.49,11,0.2435,0,8.26,973.3,0,0
34.27,7,0.5635,0,24.97,203.1,0,0
68.09,17,0.3069,2,22.07,494.2,0,0
70.48,21,0.5454,2,2.58,1331.8,0,0
172.68,18,0.4814,3,28.44,885.1,0,1
9.62,15,0.3962,2,32.58,640.8,0,0
29.59,18,0.3244,1,25.99,364.6,0,0
95.93,12,0.1026,0,14.33,1200.6,0,0
179.7,19,0.0301,2,53.82,3054.8,0,0
55.48,18,0.4057,2,8.78,363.9,0,1
34.35,0,0.1075,0,35.82,214.0,1,1
88.36,13,0.4157,0,59.17,1536.0,0,0
97.69,10,0.3663,3,14.55,456.3,0,0
32.34,6,0.0907,0,8.25,1053.2,0,0
60.18,19,0.49,2,16.59,450.6,0,0
129.34,0,0.1531,2,3.37,1707.3,0,0
245.04,17,0.0332,3,23.83,1100.2,0,0
87.21,23,0.2325,2,16.34,454.0,1,1
46.51,13,0.1516,3,6.04,412.9,0,0
42.58,12,0.3941,2,19.76,436.9,0,0
73.82,15,0.2861,3,2.68,559.9,0,0
40.28,18,0.0201,4,0.53,1228.1,0,0
53.02,10,0.1281,2,40.57,232.1,0,0
17.25,10,0.643,2,0.71,494.4,0,0
143.65,15,0.1692,1,6.07,1112.5,0,0
16.02,21,0.2491,2,38.22,1129.1,0,0
30.3,11,0.0589,1,54.1,1294.7,0,0
48.81,12,0.0412,4,3.32,311.4,0,0
268.24,23,0.2896,0,3.3,621.5,0,0
30.56,9,0.1485,3,66.95,476.0,1,1
24.55,6,0.1855,0,0.59,1609.1,1,0
27.23,15,0.2441,2,31.05,769.1,0,0
198.94,2,0.1408,2,72.31,416.6,0,0
3.56,9,0.2797,2,10.9,1559.2,0,0
18.13,15,0.609,2,9.03,662.9,0,0
522.26,16,0.3055,1,3.98,759.4,0,0
76.08,14,0.1534,2,48.12,1748.6,0,0
16.52,12,0.0478,1,11.25,788.0,0,0
43.05,15,0.4379,2,86.81,1356.9,1,1
47.5,16,0.0224,1,23.19,565.6,0,0
95.73,18,0.0776,3,18.55,1080.1,0,0
234.05,18,0.3634,1,44.18,818.8,0,1
63.41,16,0.4614,3,27.82,1183.0,0,0
27.5,20,0.2288,2,10.77,767.6,1,0
90.77,19,0.3838,0,11.52,755.8,0,0
23.84,8,0.1313,4,20.38,1320.9,0,0
17.64,22,0.0567,4,6.71,490.9,0,0
9.17,20,0.2645,2,19.66,524.6,0,0
10.93,11,0.5393,3,47.64,1894.3,0,0
19.95,1,0.2632,1,6.8,474.7,0,0
15.49,15,0.3851,3,4.19,579.1,0,0
59.26,13,0.6914,1,15.03,476.9,0,0
15.19,17,0.1222,2,10.22,535.3,0,0
2.64,14,0.1029,2,41.43,299.0,0,0
17.47,6,0.2593,2,24.74,969.4,0,0
29.23,10,0.2217,2,8.17,1059.7,0,0
25.92,20,0.2779,0,6.37,181.6,1,0
175.49,3,0.1331,6,11.92,598.8,0,0
25.73,17,0.0241,4,18.56,590.3,0,0
98.77,10,0.1543,1,20.21,372.5,0,0
43.94,13,0.1797,1,26.22,365.8,0,0
43.03,14,0.5136,4,6.9,583.8,0,0
21.08,10,0.2208,2,8.9,1309.9,1,0
42.4,16,0.6582,2,4.51,835.5,0,1
22.45,17,0.4833,3,1.26,851.4,0,0
52.09,6,0.3251,2,23.39,512.0,0,0
36.14,12,0.3637,0,58.35,375.5,0,0
19.1,17,0.6312,0,10.65,1747.2,0,0
109.15,17,0.1149,5,14.55,1279.1,0,0
65.64,14,0.36,2,22.99,1238.7,1,1
29.87,18,0.4488,3,51.95,856.5,0,1
50.96,7,0.2892,0,1.59,1172.2,0,0
41.45,7,0.2093,2,7.49,1014.9,0,0
20.47,16,0.4271,2,25.45,417.0,0,0
47.63,17,0.3469,1,45.99,1774.6,0,0
25.56,18,0.4169,3,17.13,1182.4,0,0
19.1,9,0.3132,1,9.16,665.0,0,0
10.38,14,0.306,1,25.88,351.6,0,0
32.37,16,0.299,5,13.17,365.6,0,0
74.46,9,0.2879,2,5.57,857.7,0,0
23.92,14,0.3339,3,34.92,692.1,0,0
432.09,16,0.2046,2,27.39,532.5,0,1
99.2,9,0.0824,3,6.8,842.3,0,0
144.59,12,0.4125,4,22.71,733.9,0,1
91.44,9,0.5125,3,19.34,645.3,0,0
236.89,20,0.3089,3,0.28,379.9,0,0
22.01,10,0.159,1,5.66,732.8,0,0
4.46,7,0.3635,4,4.26,1408.3,0,0
29.92,3,0.5647,2,4.45,357.0,0,0
73.88,4,0.025,2,5.38,1358.2,0,0
51.23,9,0.1558,2,37.14,1388.2,0,0
57.28,15,0.127,0,9.62,813.3,0,0
146.76,1,0.0822,2,15.74,814.1,0,0
63.05,10,0.3987,0,36.36,769.3,0,0
91.75,5,0.5297,2,27.42,902.5,0,1
19.19,12,0.2021,0,3.83,597.2,0,0
16.68,4,0.0753,0,11.46,998.3,0,0
191.08,15,0.2661,2,69.55,209.9,0,0
48.95,16,0.3914,1,10.99,2056.3,1,0
25.51,17,0.2035,4,9.8,1094.8,0,0
25.55,9,0.3583,2,29.44,844.1,0,0
24.92,20,0.2472,0,22.88,1075.6,0,0
23.62,16,0.4035,6,4.44,772.1,1,1
14.09,5,0.4567,6,14.78,1036.0,0,0
11.58,13,0.4688,0,49.32,771.3,0,0
37.51,18,0.4096,1,23.66,606.4,0,0
26.22,11,0.6187,0,25.38,943.4,0,0
121.08,12,0.2566,2,8.17,851.8,0,0
58.19,16,0.2552,0,28.98,987.5,0,0
56.76,5,0.2185,5,22.93,555.7,1,1
22.9,22,0.2382,3,13.48,254.7,0,0
40.09,9,0.5711,4,62.12,823.3,0,1
61.86,2,0.2954,3,26.52,1065.3,0,0
85.16,0,0.432,2,86.6,1769.5,0,0
41.08,12,0.1684,1,13.03,930.9,0,0
118.06,20,0.4386,3,11.47,450.8,0,0
45.02,18,0.3598,0,29.25,1321.4,0,0
91.25,20,0.1362,0,8.2,792.4,0,0
28.76,14,0.4955,2,4.99,1329.5,0,1
8.75,13,0.1092,0,1.52,544.9,0,0
56.91,12,0.1093,0,13.26,700.4,0,0
85.87,4,0.4495,3,0.03,1103.4,0,0
75.02,20,0.1947,2,9.42,1172.7,0,0
65.36,14,0.3224,1,2.75,892.0,0,0
32.66,13,0.1056,3,11.41,975.4,0,0
21.63,14,0.1178,2,5.67,1157.0,0,0
73.45,18,0.2106,2,26.75,743.5,0,0
65.61,9,0.1253,3,2.06,796.8,0,0
26.98,17,0.1449,4,61.99,1747.4,1,1
121.33,17,0.3017,2,1.76,553.8,0,0
20.19,19,0.5288,0,35.0,322.1,0,0
26.44,0,0.2129,1,0.95,799.8,0,0
194.96,9,0.1962,1,1.89,789.1,0,0
97.68,13,0.3964,2,10.35,381.2,0,1
32.39,19,0.2758,2,5.19,763.1,1,0
57.9,22,0.2448,1,2.91,323.5,0,0
51.38,15,0.1382,4,1.99,530.4,0,0
3.78,9,0.1951,4,45.2,925.9,0,0
19.77,9,0.3932,0,17.2,334.4,0,0
42.7,16,0.2484,5,11.01,654.5,0,0
32.43,9,0.1041,1,10.89,208.0,0,0
55.83,14,0.4455,0,33.46,559.3,0,0
123.54,19,0.2881,2,99.83,1319.2,0,0
33.47,12,0.1403,2,24.96,2143.5,0,0
17.26,12,0.1928,2,15.29,692.4,0,0
59.88,3,0.4147,2,17.13,905.4,0,0
33.32,10,0.1319,0,7.86,391.5,1,0
38.84,17,0.2499,2,17.59,878.9,0,0
34.38,11,0.3779,3,20.16,1434.3,0,0
336.18,8,0.2747,2,4.27,764.1,1,1
5.95,7,0.2677,2,16.13,1237.1,0,0
31.52,6,0.1265,5,23.11,530.4,0,0
44.55,16,0.3271,1,32.24,261.1,0,0
22.13,15,0.3001,0,18.23,621.0,0,0
100.47,14,0.0492,3,2.03,521.1,0,0
92.94,14,0.3358,3,1.54,1196.0,0,0
42.82,8,0.5171,1,3.15,1205.9,0,0
35.04,14,0.5311,4,4.82,375.9,0,0
40.42,5,0.2698,2,25.97,949.4,1,0
40.68,21,0.1935,0,21.31,1087.3,0,0
41.66,5,0.4366,0,10.14,572.1,0,0
37.74,12,0.2277,6,22.87,799.1,0,0
56.1,0,0.176,0,9.87,1022.8,0,0
88.05,18,0.6164,1,41.56,1266.0,0,1
14.77,9,0.0629,0,11.73,809.4,0,0
17.36,21,0.4954,4,46.55,918.9,0,0
9.27,4,0.2032,5,11.52,225.1,0,0
97.49,18,0.3622,5,50.73,1080.5,0,1
56.0,16,0.2619,0,10.42,376.3,0,0
70.44,10,0.4037,2,0.0,176.8,0,0
12.35,9,0.2473,0,18.3,1007.3,0,0
222.84,11,0.2171,2,0.32,821.4,0,0
25.84,19,0.3172,2,5.53,355.9,0,0
52.01,19,0.3696,1,5.33,1042.9,0,0
96.44,9,0.1901,3,21.5,351.1,0,0
18.39,11,0.1866,3,24.46,786.9,0,0
27.34,10,0.4498,2,17.62,1017.4,0,0
52.52,7,0.1918,4,7.38,1205.7,0,0
585.07,16,0.238,2,11.97,621.4,0,1
58.62,11,0.405,4,5.5,1164.6,1,1
189.75,9,0.3869,0,50.95,666.7,0,0
132.3,19,0.4986,1,51.41,449.1,0,1
62.25,17,0.1713,2,3.35,529.4,0,0
18.35,18,0.2759,0,18.94,577.1,0,0
116.02,3,0.3113,2,18.37,108.4,1,0
11.61,21,0.438,1,20.02,1075.7,0,0
188.82,15,0.0895,2,40.55,902.6,0,0
53.52,14,0.0857,2,15.51,533.2,0,0
4.12,0,0.0815,2,54.33,939.2,0,0
32.9,20,0.3896,3,0.32,347.4,1,1
80.52,14,0.3946,0,25.88,959.5,0,0
36.11,19,0.2732,0,17.88,1050.8,0,0
85.07,16,0.0742,1,6.75,313.2,0,0
20.8,18,0.6251,3,0.65,1116.7,0,0
13.8,17,0.291,2,2.95,671.0,0,0
41.92,21,0.2638,2,3.31,673.0,0,0
45.99,9,0.392,3,57.38,314.8,0,0
32.67,9,0.2398,4,27.59,1219.1,0,0
134.9,17,0.1789,3,2.14,1223.8,1,0
20.8,14,0.1315,2,5.27,1530.6,0,0
59.25,15,0.3962,0,61.53,1287.2,0,1
47.52,17,0.2553,3,10.36,817.0,0,0
11.01,14,0.3542,1,45.62,872.0,0,0
13.64,18,0.392,1,4.38,182.9,0,0
45.18,11,0.3919,4,7.19,160.2,0,0
265.89,19,0.5089,5,25.03,697.8,0,1
75.29,7,0.3075,3,8.63,685.4,0,0
9.46,16,0.3388,3,17.89,437.2,0,0
2.72,20,0.5403,1,16.7,712.5,0,0
86.47,10,0.1619,3,10.64,482.8,0,0
40.99,11,0.1069,0,17.79,1227.9,0,0
124.85,11,0.432,1,27.41,777.5,0,1
20.23,15,0.3975,3,13.72,515.6,0,0
61.26,12,0.0588,1,9.22,1227.0,0,0
95.73,7,0.2235,0,41.1,344.9,0,0
29.88,20,0.2643,2,14.0,1853.8,0,0
30.46,9,0.4385,3,3.63,833.1,1,1
45.73,14,0.3362,2,27.02,689.5,0,0
72.85,15,0.1359,4,2.44,272.1,0,0
44.13,3,0.496,1,1.08,737.5,0,0
107.4,6,0.4503,1,2.1,657.4,0,0
29.5,22,0.1148,1,22.54,1007.1,0,0
13.52,16,0.6486,2,65.99,686.2,0,0
264.88,3,0.3441,1,45.88,353.6,0,1
25.94,18,0.4266,2,72.38,634.3,0,0
26.8,14,0.315,2,3.68,484.4,0,0
42.13,6,0.3213,2,20.97,343.5,0,0
47.49,16,0.3701,3,2.46,1325.5,0,0
31.56,14,0.3923,1,13.72,243.3,0,0
44.01,9,0.4764,6,5.44,1246.0,0,1
43.13,20,0.351,4,11.86,756.2,0,0
52.32,10,0.2903,1,5.25,1052.8,0,0
5.36,10,0.1902,2,43.56,1382.3,0,0
242.93,10,0.0907,2,41.59,519.8,1,0
39.15,18,0.4188,1,13.5,778.5,0,0
75.38,17,0.4046,1,85.15,546.1,0,0
12.93,20,0.4845,3,5.76,660.1,0,0
29.26,9,0.5776,2,1.93,1014.9,0,0
24.41,18,0.214,2,10.64,716.9,0,0
167.8,15,0.0646,5,17.17,772.3,0,0
26.38,11,0.1954,2,0.31,423.3,0,0
88.44,3,0.1675,2,4.37,696.5,0,0
24.89,18,0.5416,2,14.6,573.7,0,0
29.74,10,0.2506,1,47.35,744.2,0,0
35.84,16,0.7902,1,31.93,403.7,1,1
141.95,14,0.3036,1,60.09,522.3,0,0
8.16,0,0.3783,3,0.11,841.3,0,0
13.68,23,0.4366,0,35.46,984.7,0,0
7.75,18,0.0466,4,16.99,800.6,0,0
16.8,13,0.0153,1,9.14,627.1,0,0
21.53,16,0.149,1,26.03,506.3,0,0
10.45,13,0.3607,3,37.54,233.3,0,0
23.09,17,0.2322,2,7.51,1346.9,0,0
7.29,8,0.194,3,22.23,1199.8,0,0
17.88,13,0.4763,1,1.14,1445.1,0,0
131.68,11,0.1783,1,2.93,1424.6,0,0
64.28,13,0.0624,2,23.2,860.4,0,0
52.92,13,0.2257,2,11.6,2062.4,0,0
18.13,8,0.133,0,2.36,668.9,0,0
11.22,22,0.3146,3,9.26,779.1,0,0
16.03,1,0.1383,3,7.76,513.6,0,0
43.0,0,0.4999,0,26.92,334.9,0,0
97.65,12,0.4515,2,32.95,568.8,0,0
100.7,15,0.1279,2,15.06,550.5,0,0
78.85,9,0.0888,2,12.12,1054.6,1,0
23.02,14,0.3387,0,68.21,817.0,0,0
45.7,17,0.0997,0,16.76,931.7,0,0
33.47,6,0.2928,2,16.58,861.2,1,0
37.3,23,0.0745,3,11.72,874.2,0,0
279.62,11,0.3395,2,5.25,523.0,0,0
9.15,16,0.5155,2,26.92,848.1,0,0
36.19,7,0.2735,4,31.85,1090.2,0,0
133.03,17,0.1135,2,9.56,1310.0,0,0
11.95,19,0.0834,3,15.68,1192.9,0,0
25.04,7,0.3335,0,12.39,1002.0,0,0
27.77,7,0.0542,3,5.1,810.0,0,0
36.56,10,0.1913,3,1.44,593.4,0,0
10.63,1,0.0724,1,6.76,873.3,1,0
76.38,23,0.0493,2,30.52,1476.6,0,0
81.42,15,0.0098,4,4.52,641.8,0,0
70.64,15,0.3498,0,11.49,1644.4,0,0
20.42,22,0.1088,1,1.68,891.6,0,0
48.32,19,0.243,4,1.65,1342.1,0,0
19.9,18,0.3485,1,20.79,545.5,0,0
33.14,11,0.2943,1,23.04,511.8,0,0
310.48,11,0.3631,1,45.09,354.6,0,1
48.72,10,0.2027,2,25.21,1468.6,0,0
15.35,11,0.2995,1,41.87,889.6,0,0
52.58,12,0.6006,0,7.47,1083.2,0,1
13.24,8,0.504,3,16.07,779.1,0,0
15.19,11,0.3263,0,34.24,814.1,0,0
17.51,13,0.1089,3,7.09,324.2,0,0
29.97,11,0.3508,2,27.57,897.7,0,0
103.88,9,0.2214,3,28.78,1143.6,0,0
75.23,12,0.1722,2,1.63,212.0,0,0
71.57,13,0.1702,2,24.66,597.2,0,0
16.63,17,0.3461,1,74.34,481.7,0,0
27.46,17,0.2303,2,2.29,992.6,0,0
57.1,9,0.367,3,43.43,965.6,0,1
25.39,3,0.192,2,19.63,1079.9,0,0
34.79,11,0.4346,1,37.47,86.0,0,0
66.5,8,0.1069,2,12.73,785.7,0,0
32.66,12,0.3777,0,7.81,247.9,0,0
54.79,23,0.3832,2,42.93,870.1,0,0
187.44,9,0.5295,3,78.16,334.2,0,1
38.3,11,0.1651,4,16.9,956.4,0,0
129.21,17,0.4348,2,18.46,341.2,0,0
73.95,14,0.4616,5,23.32,425.0,0,1
11.94,3,0.1933,2,17.9,1273.3,0,0
16.58,8,0.1841,0,17.69,702.8,0,0
21.11,21,0.371,2,71.24,715.9,0,1
20.71,7,0.2069,4,31.73,418.0,0,0
41.21,16,0.6253,3,34.53,1206.5,0,0
77.73,18,0.1546,1,17.99,895.6,0,0
138.33,10,0.4089,1,15.12,862.1,1,1
58.99,17,0.1022,3,32.68,381.9,0,0
29.93,9,0.3411,3,62.03,783.3,1,1
6.86,10,0.303,1,1.53,2232.2,0,0
47.63,11,0.3779,1,18.24,507.4,0,0
45.75,23,0.2538,0,24.92,1254.8,0,0
52.7,9,0.4994,4,40.54,188.6,0,0
297.56,7,0.5328,4,5.28,1065.7,0,1
136.53,21,0.0942,2,6.95,916.1,0,0
90.61,8,0.4405,2,0.94,666.0,0,0
18.81,20,0.0569,1,17.93,890.9,0,0
28.17,16,0.1021,2,16.51,902.3,0,0
41.04,15,0.146,3,22.23,898.7,0,0
22.25,17,0.1878,4,5.82,604.0,0,0
70.13,17,0.3123,1,16.87,566.4,0,0
61.63,7,0.175,2,94.52,473.6,0,1
16.79,23,0.2134,3,49.88,301.9,0,0
131.25,21,0.4717,2,21.23,711.2,0,0
49.01,20,0.3574,2,19.33,1171.2,0,0
9.43,15,0.3106,3,25.34,552.1,1,0
42.68,14,0.3146,2,19.47,382.0,0,0
57.57,14,0.1032,2,66.72,480.2,1,0
107.29,1,0.2515,2,34.1,772.0,0,0
32.99,14,0.0377,1,30.79,771.3,0,0
94.17,15,0.0243,4,11.04,452.4,1,1
52.9,16,0.3069,3,0.58,718.6,0,0
13.69,11,0.2487,2,4.34,657.8,0,0
12.51,13,0.0099,2,10.37,953.4,0,0
122.77,16,0.148,0,33.89,1407.2,0,0
131.16,12,0.3763,1,22.61,542.4,0,0
59.78,22,0.5154,4,4.22,498.2,0,0
171.77,17,0.3706,1,20.88,766.4,0,0
115.69,0,0.3487,1,6.3,845.4,0,0
82.7,2,0.2628,3,0.37,979.2,0,0
19.68,16,0.3198,1,22.25,273.0,0,0
212.36,12,0.0516,2,9.14,1803.7,0,0
72.43,19,0.3545,2,4.36,621.5,0,0
31.59,9,0.1965,2,10.39,514.3,0,0
24.5,1,0.4266,0,5.92,382.0,0,0
56.32,12,0.515,2,5.22,557.1,0,0
9.93,17,0.321,3,7.17,297.5,0,0
83.91,22,0.5531,1,79.59,1248.7,0,1
18.95,20,0.3462,3,5.26,665.7,0,0
62.4,13,0.07,2,14.13,500.3,0,0
27.95,18,0.3807,3,45.06,1130.7,0,0
35.23,6,0.2305,3,21.9,642.4,0,0
22.62,15,0.4833,2,11.26,498.6,0,0
38.66,21,0.0553,1,26.19,1537.2,0,0
244.8,12,0.0429,2,15.31,568.7,0,0
155.49,22,0.1381,7,3.09,214.3,0,0
61.5,9,0.0739,3,20.73,717.0,0,0
43.7,7,0.4464,4,15.48,670.5,0,0
95.56,14,0.4309,2,69.07,507.5,0,0
123.59,20,0.1545,3,26.89,466.5,0,0
21.18,11,0.4355,3,44.04,748.0,0,0
41.69,18,0.0712,2,19.31,574.7,0,0
8.67,9,0.5351,1,5.83,620.7,0,0
122.83,17,0.3914,1,13.25,827.1,0,0
286.72,14,0.4983,1,12.25,602.9,0,0
48.04,9,0.2445,0,22.88,524.3,0,0
6.6,17,0.0443,1,19.73,987.3,0,0
77.32,17,0.2638,2,66.42,573.9,0,0
19.81,14,0.174,2,14.57,507.2,0,0
24.61,9,0.2615,2,11.99,337.7,0,0
78.56,8,0.3806,0,12.27,442.8,0,0
56.21,22,0.5324,2,52.0,370.4,0,0
28.81,16,0.1417,1,31.28,323.8,0,0
24.91,18,0.4616,3,1.61,469.8,0,0
50.06,17,0.0975,5,3.03,839.4,0,0
30.92,19,0.2441,2,43.97,703.1,0,0
16.47,8,0.344,0,2.37,596.9,0,0
33.14,14,0.0229,4,5.01,888.9,0,0
60.68,16,0.6514,2,5.38,529.3,0,0
38.08,7,0.4615,3,11.08,810.2,0,0
12.53,8,0.2404,2,42.84,968.5,0,0
108.87,16,0.3244,1,11.24,217.6,0,0
3.8,20,0.3905,1,58.96,698.9,0,0
29.91,16,0.1566,2,24.07,865.5,0,0
25.58,3,0.0538,0,9.94,836.3,0,0
51.08,22,0.4361,2,1.42,718.5,0,0
74.11,8,0.3887,1,42.34,544.1,0,1
123.23,10,0.1558,1,21.17,634.0,0,0
23.54,22,0.1944,2,10.86,264.5,0,0
75.79,18,0.2676,1,29.19,1288.9,0,0
53.32,21,0.3758,2,15.75,250.0,0,0
9.58,18,0.3071,1,8.38,482.6,0,0
247.27,16,0.0206,3,0.18,701.7,0,0
12.24,10,0.1222,2,7.21,328.0,0,0
65.21,11,0.2983,1,12.66,612.8,0,0
63.5,21,0.2771,1,5.3,994.0,0,0
57.29,19,0.1795,3,9.84,915.8,0,0
28.64,11,0.1935,1,7.99,695.4,0,0
94.12,12,0.0224,1,11.0,760.8,0,0
10.98,11,0.7298,5,45.92,154.0,0,0
42.13,11,0.3788,1,33.34,384.7,0,0
26.91,19,0.3209,1,15.79,509.8,0,0
24.3,0,0.3993,2,0.02,588.4,0,0
65.75,13,0.3478,1,12.93,1016.1,0,0
117.89,21,0.1743,2,3.44,1578.1,0,0
32.82,14,0.0601,7,16.94,628.7,0,0
90.25,13,0.1075,1,12.92,615.9,0,0
46.75,11,0.0374,1,15.73,692.2,0,0
20.02,6,0.4195,2,42.56,462.4,0,0
